Wiek;Płeć;Okres;Miesiąc;Rok;Bezrobotni
Od 16 Do 19 Lat;Mężczyźni;01.01.2005;sty;2005;91000
Od 20 Do 24 Lat;Mężczyźni;02.01.2005;sty;2005;175000
Od 25 Do 34 Lat;Mężczyźni;03.01.2005;sty;2005;194000
Od 35 Do 44 Lat;Mężczyźni;04.01.2005;sty;2005;201000
Od 45 Do 54 Lat;Mężczyźni;05.01.2005;sty;2005;207000
Od 55 Do 64 Lat;Mężczyźni;06.01.2005;sty;2005;101000
Od 65 Lat Wzwyż;Mężczyźni;07.01.2005;sty;2005;33000
Od 16 Do 19 Lat;Kobiety;08.01.2005;sty;2005;38000
Od 20 Do 24 Lat;Kobiety;09.01.2005;sty;2005;90000
Od 25 Do 34 Lat;Kobiety;10.01.2005;sty;2005;142000
Od 35 Do 44 Lat;Kobiety;11.01.2005;sty;2005;180000
Od 45 Do 54 Lat;Kobiety;12.01.2005;sty;2005;157000
Od 55 Do 64 Lat;Kobiety;13.01.2005;sty;2005;71000
Od 65 Lat Wzwyż;Kobiety;14.01.2005;sty;2005;82000
Od 16 Do 19 Lat;Mężczyźni;15.01.2005;sty;2005;90000
Od 20 Do 24 Lat;Mężczyźni;16.01.2005;sty;2005;154000
Od 25 Do 34 Lat;Mężczyźni;17.01.2005;sty;2005;176000
Od 35 Do 44 Lat;Mężczyźni;18.01.2005;sty;2005;184000
Od 45 Do 54 Lat;Mężczyźni;19.01.2005;sty;2005;186000
Od 55 Do 64 Lat;Mężczyźni;20.01.2005;sty;2005;98000
Od 65 Lat Wzwyż;Mężczyźni;21.01.2005;sty;2005;38000
Od 16 Do 19 Lat;Kobiety;22.01.2005;sty;2005;54000
Od 20 Do 24 Lat;Kobiety;23.01.2005;sty;2005;114000
Od 25 Do 34 Lat;Kobiety;24.01.2005;sty;2005;119000
Od 35 Do 44 Lat;Kobiety;25.01.2005;sty;2005;170000
Od 45 Do 54 Lat;Kobiety;26.01.2005;sty;2005;173000
Od 55 Do 64 Lat;Kobiety;27.01.2005;sty;2005;94000
Od 65 Lat Wzwyż;Kobiety;28.01.2005;sty;2005;85000
Od 16 Do 19 Lat;Mężczyźni;29.01.2005;sty;2005;114000
Od 20 Do 24 Lat;Mężczyźni;30.01.2005;sty;2005;137000
Od 25 Do 34 Lat;Mężczyźni;31.01.2005;sty;2005;195000
Od 35 Do 44 Lat;Mężczyźni;01.02.2005;lut;2005;211000
Od 45 Do 54 Lat;Mężczyźni;02.02.2005;lut;2005;223000
Od 55 Do 64 Lat;Mężczyźni;03.02.2005;lut;2005;115000
Od 65 Lat Wzwyż;Mężczyźni;04.02.2005;lut;2005;32000
Od 16 Do 19 Lat;Kobiety;05.02.2005;lut;2005;53000
Od 20 Do 24 Lat;Kobiety;06.02.2005;lut;2005;113000
Od 25 Do 34 Lat;Kobiety;07.02.2005;lut;2005;102000
Od 35 Do 44 Lat;Kobiety;08.02.2005;lut;2005;141000
Od 45 Do 54 Lat;Kobiety;09.02.2005;lut;2005;152000
Od 55 Do 64 Lat;Kobiety;10.02.2005;lut;2005;101000
Od 65 Lat Wzwyż;Kobiety;11.02.2005;lut;2005;72000
Od 16 Do 19 Lat;Mężczyźni;12.02.2005;lut;2005;86000
Od 20 Do 24 Lat;Mężczyźni;13.02.2005;lut;2005;125000
Od 25 Do 34 Lat;Mężczyźni;14.02.2005;lut;2005;191000
Od 35 Do 44 Lat;Mężczyźni;15.02.2005;lut;2005;206000
Od 45 Do 54 Lat;Mężczyźni;16.02.2005;lut;2005;181000
Od 55 Do 64 Lat;Mężczyźni;17.02.2005;lut;2005;93000
Od 65 Lat Wzwyż;Mężczyźni;18.02.2005;lut;2005;31000
Od 16 Do 19 Lat;Kobiety;19.02.2005;lut;2005;53000
Od 20 Do 24 Lat;Kobiety;20.02.2005;lut;2005;114000
Od 25 Do 34 Lat;Kobiety;21.02.2005;lut;2005;151000
Od 35 Do 44 Lat;Kobiety;22.02.2005;lut;2005;172000
Od 45 Do 54 Lat;Kobiety;23.02.2005;lut;2005;160000
Od 55 Do 64 Lat;Kobiety;24.02.2005;lut;2005;90000
Od 65 Lat Wzwyż;Kobiety;25.02.2005;lut;2005;80000
Od 16 Do 19 Lat;Mężczyźni;26.02.2005;lut;2005;87000
Od 20 Do 24 Lat;Mężczyźni;27.02.2005;lut;2005;106000
Od 25 Do 34 Lat;Mężczyźni;28.02.2005;lut;2005;183000
Od 35 Do 44 Lat;Mężczyźni;01.03.2005;mar;2005;173000
Od 45 Do 54 Lat;Mężczyźni;02.03.2005;mar;2005;159000
Od 55 Do 64 Lat;Mężczyźni;03.03.2005;mar;2005;87000
Od 65 Lat Wzwyż;Mężczyźni;04.03.2005;mar;2005;22000
Od 16 Do 19 Lat;Kobiety;05.03.2005;mar;2005;44000
Od 20 Do 24 Lat;Kobiety;06.03.2005;mar;2005;99000
Od 25 Do 34 Lat;Kobiety;07.03.2005;mar;2005;149000
Od 35 Do 44 Lat;Kobiety;08.03.2005;mar;2005;144000
Od 45 Do 54 Lat;Kobiety;09.03.2005;mar;2005;178000
Od 55 Do 64 Lat;Kobiety;10.03.2005;mar;2005;74000
Od 65 Lat Wzwyż;Kobiety;11.03.2005;mar;2005;71000
Od 16 Do 19 Lat;Mężczyźni;12.03.2005;mar;2005;74000
Od 20 Do 24 Lat;Mężczyźni;13.03.2005;mar;2005;109000
Od 25 Do 34 Lat;Mężczyźni;14.03.2005;mar;2005;162000
Od 35 Do 44 Lat;Mężczyźni;15.03.2005;mar;2005;146000
Od 45 Do 54 Lat;Mężczyźni;16.03.2005;mar;2005;171000
Od 55 Do 64 Lat;Mężczyźni;17.03.2005;mar;2005;64000
Od 65 Lat Wzwyż;Mężczyźni;18.03.2005;mar;2005;37000
Od 16 Do 19 Lat;Kobiety;19.03.2005;mar;2005;47000
Od 20 Do 24 Lat;Kobiety;20.03.2005;mar;2005;73000
Od 25 Do 34 Lat;Kobiety;21.03.2005;mar;2005;114000
Od 35 Do 44 Lat;Kobiety;22.03.2005;mar;2005;114000
Od 45 Do 54 Lat;Kobiety;23.03.2005;mar;2005;150000
Od 55 Do 64 Lat;Kobiety;24.03.2005;mar;2005;58000
Od 65 Lat Wzwyż;Kobiety;25.03.2005;mar;2005;89000
Od 16 Do 19 Lat;Mężczyźni;26.03.2005;mar;2005;79000
Od 20 Do 24 Lat;Mężczyźni;27.03.2005;mar;2005;110000
Od 25 Do 34 Lat;Mężczyźni;28.03.2005;mar;2005;139000
Od 35 Do 44 Lat;Mężczyźni;29.03.2005;mar;2005;164000
Od 45 Do 54 Lat;Mężczyźni;30.03.2005;mar;2005;181000
Od 55 Do 64 Lat;Mężczyźni;31.03.2005;mar;2005;56000
Od 65 Lat Wzwyż;Mężczyźni;01.04.2005;kwi;2005;36000
Od 16 Do 19 Lat;Kobiety;02.04.2005;kwi;2005;39000
Od 20 Do 24 Lat;Kobiety;03.04.2005;kwi;2005;72000
Od 25 Do 34 Lat;Kobiety;04.04.2005;kwi;2005;156000
Od 35 Do 44 Lat;Kobiety;05.04.2005;kwi;2005;115000
Od 45 Do 54 Lat;Kobiety;06.04.2005;kwi;2005;123000
Od 55 Do 64 Lat;Kobiety;07.04.2005;kwi;2005;81000
Od 65 Lat Wzwyż;Kobiety;08.04.2005;kwi;2005;86000
Od 16 Do 19 Lat;Mężczyźni;09.04.2005;kwi;2005;69000
Od 20 Do 24 Lat;Mężczyźni;10.04.2005;kwi;2005;142000
Od 25 Do 34 Lat;Mężczyźni;11.04.2005;kwi;2005;141000
Od 35 Do 44 Lat;Mężczyźni;12.04.2005;kwi;2005;157000
Od 45 Do 54 Lat;Mężczyźni;13.04.2005;kwi;2005;163000
Od 55 Do 64 Lat;Mężczyźni;14.04.2005;kwi;2005;82000
Od 65 Lat Wzwyż;Mężczyźni;15.04.2005;kwi;2005;25000
Od 16 Do 19 Lat;Kobiety;16.04.2005;kwi;2005;47000
Od 20 Do 24 Lat;Kobiety;17.04.2005;kwi;2005;57000
Od 25 Do 34 Lat;Kobiety;18.04.2005;kwi;2005;151000
Od 35 Do 44 Lat;Kobiety;19.04.2005;kwi;2005;137000
Od 45 Do 54 Lat;Kobiety;20.04.2005;kwi;2005;130000
Od 55 Do 64 Lat;Kobiety;21.04.2005;kwi;2005;85000
Od 65 Lat Wzwyż;Kobiety;22.04.2005;kwi;2005;101000
Od 16 Do 19 Lat;Mężczyźni;23.04.2005;kwi;2005;64000
Od 20 Do 24 Lat;Mężczyźni;24.04.2005;kwi;2005;127000
Od 25 Do 34 Lat;Mężczyźni;25.04.2005;kwi;2005;161000
Od 35 Do 44 Lat;Mężczyźni;26.04.2005;kwi;2005;152000
Od 45 Do 54 Lat;Mężczyźni;27.04.2005;kwi;2005;146000
Od 55 Do 64 Lat;Mężczyźni;28.04.2005;kwi;2005;83000
Od 65 Lat Wzwyż;Mężczyźni;29.04.2005;kwi;2005;36000
Od 16 Do 19 Lat;Kobiety;30.04.2005;kwi;2005;41000
Od 20 Do 24 Lat;Kobiety;01.05.2005;maj;2005;55000
Od 25 Do 34 Lat;Kobiety;02.05.2005;maj;2005;163000
Od 35 Do 44 Lat;Kobiety;03.05.2005;maj;2005;149000
Od 45 Do 54 Lat;Kobiety;04.05.2005;maj;2005;152000
Od 55 Do 64 Lat;Kobiety;05.05.2005;maj;2005;80000
Od 65 Lat Wzwyż;Kobiety;06.05.2005;maj;2005;96000
Od 16 Do 19 Lat;Mężczyźni;07.05.2005;maj;2005;51000
Od 20 Do 24 Lat;Mężczyźni;08.05.2005;maj;2005;102000
Od 25 Do 34 Lat;Mężczyźni;09.05.2005;maj;2005;152000
Od 35 Do 44 Lat;Mężczyźni;10.05.2005;maj;2005;137000
Od 45 Do 54 Lat;Mężczyźni;11.05.2005;maj;2005;195000
Od 55 Do 64 Lat;Mężczyźni;12.05.2005;maj;2005;90000
Od 65 Lat Wzwyż;Mężczyźni;13.05.2005;maj;2005;41000
Od 16 Do 19 Lat;Kobiety;14.05.2005;maj;2005;48000
Od 20 Do 24 Lat;Kobiety;15.05.2005;maj;2005;56000
Od 25 Do 34 Lat;Kobiety;16.05.2005;maj;2005;150000
Od 35 Do 44 Lat;Kobiety;17.05.2005;maj;2005;156000
Od 45 Do 54 Lat;Kobiety;18.05.2005;maj;2005;120000
Od 55 Do 64 Lat;Kobiety;19.05.2005;maj;2005;69000
Od 65 Lat Wzwyż;Kobiety;20.05.2005;maj;2005;94000
Od 16 Do 19 Lat;Mężczyźni;21.05.2005;maj;2005;53000
Od 20 Do 24 Lat;Mężczyźni;22.05.2005;maj;2005;97000
Od 25 Do 34 Lat;Mężczyźni;23.05.2005;maj;2005;137000
Od 35 Do 44 Lat;Mężczyźni;24.05.2005;maj;2005;151000
Od 45 Do 54 Lat;Mężczyźni;25.05.2005;maj;2005;197000
Od 55 Do 64 Lat;Mężczyźni;26.05.2005;maj;2005;82000
Od 65 Lat Wzwyż;Mężczyźni;27.05.2005;maj;2005;37000
Od 16 Do 19 Lat;Kobiety;28.05.2005;maj;2005;28000
Od 20 Do 24 Lat;Kobiety;29.05.2005;maj;2005;65000
Od 25 Do 34 Lat;Kobiety;30.05.2005;maj;2005;140000
Od 35 Do 44 Lat;Kobiety;31.05.2005;maj;2005;129000
Od 45 Do 54 Lat;Kobiety;01.06.2005;cze;2005;131000
Od 55 Do 64 Lat;Kobiety;02.06.2005;cze;2005;82000
Od 65 Lat Wzwyż;Kobiety;03.06.2005;cze;2005;62000
Od 16 Do 19 Lat;Mężczyźni;04.06.2005;cze;2005;62000
Od 20 Do 24 Lat;Mężczyźni;05.06.2005;cze;2005;93000
Od 25 Do 34 Lat;Mężczyźni;06.06.2005;cze;2005;164000
Od 35 Do 44 Lat;Mężczyźni;07.06.2005;cze;2005;150000
Od 45 Do 54 Lat;Mężczyźni;08.06.2005;cze;2005;190000
Od 55 Do 64 Lat;Mężczyźni;09.06.2005;cze;2005;104000
Od 65 Lat Wzwyż;Mężczyźni;10.06.2005;cze;2005;20000
Od 16 Do 19 Lat;Kobiety;11.06.2005;cze;2005;30000
Od 20 Do 24 Lat;Kobiety;12.06.2005;cze;2005;56000
Od 25 Do 34 Lat;Kobiety;13.06.2005;cze;2005;131000
Od 35 Do 44 Lat;Kobiety;14.06.2005;cze;2005;112000
Od 45 Do 54 Lat;Kobiety;15.06.2005;cze;2005;116000
Od 55 Do 64 Lat;Kobiety;16.06.2005;cze;2005;73000
Od 65 Lat Wzwyż;Kobiety;17.06.2005;cze;2005;64000
Od 16 Do 19 Lat;Mężczyźni;18.06.2005;cze;2005;34000
Od 20 Do 24 Lat;Mężczyźni;19.06.2005;cze;2005;126000
Od 25 Do 34 Lat;Mężczyźni;20.06.2005;cze;2005;141000
Od 35 Do 44 Lat;Mężczyźni;21.06.2005;cze;2005;105000
Od 45 Do 54 Lat;Mężczyźni;22.06.2005;cze;2005;162000
Od 55 Do 64 Lat;Mężczyźni;23.06.2005;cze;2005;102000
Od 65 Lat Wzwyż;Mężczyźni;24.06.2005;cze;2005;35000
Od 16 Do 19 Lat;Kobiety;25.06.2005;cze;2005;39000
Od 20 Do 24 Lat;Kobiety;26.06.2005;cze;2005;27000
Od 25 Do 34 Lat;Kobiety;27.06.2005;cze;2005;92000
Od 35 Do 44 Lat;Kobiety;28.06.2005;cze;2005;134000
Od 45 Do 54 Lat;Kobiety;29.06.2005;cze;2005;110000
Od 55 Do 64 Lat;Kobiety;30.06.2005;cze;2005;85000
Od 65 Lat Wzwyż;Kobiety;01.07.2005;lip;2005;61000
Od 16 Do 19 Lat;Mężczyźni;02.07.2005;lip;2005;68000
Od 20 Do 24 Lat;Mężczyźni;03.07.2005;lip;2005;135000
Od 25 Do 34 Lat;Mężczyźni;04.07.2005;lip;2005;190000
Od 35 Do 44 Lat;Mężczyźni;05.07.2005;lip;2005;123000
Od 45 Do 54 Lat;Mężczyźni;06.07.2005;lip;2005;182000
Od 55 Do 64 Lat;Mężczyźni;07.07.2005;lip;2005;95000
Od 65 Lat Wzwyż;Mężczyźni;08.07.2005;lip;2005;21000
Od 16 Do 19 Lat;Kobiety;09.07.2005;lip;2005;26000
Od 20 Do 24 Lat;Kobiety;10.07.2005;lip;2005;75000
Od 25 Do 34 Lat;Kobiety;11.07.2005;lip;2005;132000
Od 35 Do 44 Lat;Kobiety;12.07.2005;lip;2005;150000
Od 45 Do 54 Lat;Kobiety;13.07.2005;lip;2005;124000
Od 55 Do 64 Lat;Kobiety;14.07.2005;lip;2005;69000
Od 65 Lat Wzwyż;Kobiety;15.07.2005;lip;2005;61000
Od 16 Do 19 Lat;Mężczyźni;16.07.2005;lip;2005;84000
Od 20 Do 24 Lat;Mężczyźni;17.07.2005;lip;2005;140000
Od 25 Do 34 Lat;Mężczyźni;18.07.2005;lip;2005;134000
Od 35 Do 44 Lat;Mężczyźni;19.07.2005;lip;2005;171000
Od 45 Do 54 Lat;Mężczyźni;20.07.2005;lip;2005;163000
Od 55 Do 64 Lat;Mężczyźni;21.07.2005;lip;2005;84000
Od 65 Lat Wzwyż;Mężczyźni;22.07.2005;lip;2005;20000
Od 16 Do 19 Lat;Kobiety;23.07.2005;lip;2005;40000
Od 20 Do 24 Lat;Kobiety;24.07.2005;lip;2005;52000
Od 25 Do 34 Lat;Kobiety;25.07.2005;lip;2005;137000
Od 35 Do 44 Lat;Kobiety;26.07.2005;lip;2005;138000
Od 45 Do 54 Lat;Kobiety;27.07.2005;lip;2005;119000
Od 55 Do 64 Lat;Kobiety;28.07.2005;lip;2005;60000
Od 65 Lat Wzwyż;Kobiety;29.07.2005;lip;2005;54000
Od 16 Do 19 Lat;Mężczyźni;30.07.2005;lip;2005;97000
Od 20 Do 24 Lat;Mężczyźni;31.07.2005;lip;2005;174000
Od 25 Do 34 Lat;Mężczyźni;01.08.2005;sie;2005;155000
Od 35 Do 44 Lat;Mężczyźni;02.08.2005;sie;2005;140000
Od 45 Do 54 Lat;Mężczyźni;03.08.2005;sie;2005;141000
Od 55 Do 64 Lat;Mężczyźni;04.08.2005;sie;2005;113000
Od 65 Lat Wzwyż;Mężczyźni;05.08.2005;sie;2005;23000
Od 16 Do 19 Lat;Kobiety;06.08.2005;sie;2005;28000
Od 20 Do 24 Lat;Kobiety;07.08.2005;sie;2005;71000
Od 25 Do 34 Lat;Kobiety;08.08.2005;sie;2005;135000
Od 35 Do 44 Lat;Kobiety;09.08.2005;sie;2005;157000
Od 45 Do 54 Lat;Kobiety;10.08.2005;sie;2005;98000
Od 55 Do 64 Lat;Kobiety;11.08.2005;sie;2005;59000
Od 65 Lat Wzwyż;Kobiety;12.08.2005;sie;2005;54000
Od 16 Do 19 Lat;Mężczyźni;13.08.2005;sie;2005;66000
Od 20 Do 24 Lat;Mężczyźni;14.08.2005;sie;2005;125000
Od 25 Do 34 Lat;Mężczyźni;15.08.2005;sie;2005;137000
Od 35 Do 44 Lat;Mężczyźni;16.08.2005;sie;2005;158000
Od 45 Do 54 Lat;Mężczyźni;17.08.2005;sie;2005;178000
Od 55 Do 64 Lat;Mężczyźni;18.08.2005;sie;2005;81000
Od 65 Lat Wzwyż;Mężczyźni;19.08.2005;sie;2005;12000
Od 16 Do 19 Lat;Kobiety;20.08.2005;sie;2005;45000
Od 20 Do 24 Lat;Kobiety;21.08.2005;sie;2005;54000
Od 25 Do 34 Lat;Kobiety;22.08.2005;sie;2005;146000
Od 35 Do 44 Lat;Kobiety;23.08.2005;sie;2005;148000
Od 45 Do 54 Lat;Kobiety;24.08.2005;sie;2005;100000
Od 55 Do 64 Lat;Kobiety;25.08.2005;sie;2005;56000
Od 65 Lat Wzwyż;Kobiety;26.08.2005;sie;2005;43000
Od 16 Do 19 Lat;Mężczyźni;27.08.2005;sie;2005;63000
Od 20 Do 24 Lat;Mężczyźni;28.08.2005;sie;2005;106000
Od 25 Do 34 Lat;Mężczyźni;29.08.2005;sie;2005;134000
Od 35 Do 44 Lat;Mężczyźni;30.08.2005;sie;2005;127000
Od 45 Do 54 Lat;Mężczyźni;31.08.2005;sie;2005;124000
Od 55 Do 64 Lat;Mężczyźni;01.09.2005;wrz;2005;85000
Od 65 Lat Wzwyż;Mężczyźni;02.09.2005;wrz;2005;13000
Od 16 Do 19 Lat;Kobiety;03.09.2005;wrz;2005;30000
Od 20 Do 24 Lat;Kobiety;04.09.2005;wrz;2005;39000
Od 25 Do 34 Lat;Kobiety;05.09.2005;wrz;2005;123000
Od 35 Do 44 Lat;Kobiety;06.09.2005;wrz;2005;110000
Od 45 Do 54 Lat;Kobiety;07.09.2005;wrz;2005;92000
Od 55 Do 64 Lat;Kobiety;08.09.2005;wrz;2005;63000
Od 65 Lat Wzwyż;Kobiety;09.09.2005;wrz;2005;68000
Od 16 Do 19 Lat;Mężczyźni;10.09.2005;wrz;2005;74000
Od 20 Do 24 Lat;Mężczyźni;11.09.2005;wrz;2005;93000
Od 25 Do 34 Lat;Mężczyźni;12.09.2005;wrz;2005;133000
Od 35 Do 44 Lat;Mężczyźni;13.09.2005;wrz;2005;163000
Od 45 Do 54 Lat;Mężczyźni;14.09.2005;wrz;2005;138000
Od 55 Do 64 Lat;Mężczyźni;15.09.2005;wrz;2005;96000
Od 65 Lat Wzwyż;Mężczyźni;16.09.2005;wrz;2005;9000
Od 16 Do 19 Lat;Kobiety;17.09.2005;wrz;2005;74000
Od 20 Do 24 Lat;Kobiety;18.09.2005;wrz;2005;81000
Od 25 Do 34 Lat;Kobiety;19.09.2005;wrz;2005;115000
Od 35 Do 44 Lat;Kobiety;20.09.2005;wrz;2005;133000
Od 45 Do 54 Lat;Kobiety;21.09.2005;wrz;2005;84000
Od 55 Do 64 Lat;Kobiety;22.09.2005;wrz;2005;83000
Od 65 Lat Wzwyż;Kobiety;23.09.2005;wrz;2005;86000
Od 16 Do 19 Lat;Mężczyźni;24.09.2005;wrz;2005;77000
Od 20 Do 24 Lat;Mężczyźni;25.09.2005;wrz;2005;130000
Od 25 Do 34 Lat;Mężczyźni;26.09.2005;wrz;2005;114000
Od 35 Do 44 Lat;Mężczyźni;27.09.2005;wrz;2005;159000
Od 45 Do 54 Lat;Mężczyźni;28.09.2005;wrz;2005;154000
Od 55 Do 64 Lat;Mężczyźni;29.09.2005;wrz;2005;87000
Od 65 Lat Wzwyż;Mężczyźni;30.09.2005;wrz;2005;21000
Od 16 Do 19 Lat;Kobiety;01.10.2005;paź;2005;46000
Od 20 Do 24 Lat;Kobiety;02.10.2005;paź;2005;63000
Od 25 Do 34 Lat;Kobiety;03.10.2005;paź;2005;102000
Od 35 Do 44 Lat;Kobiety;04.10.2005;paź;2005;122000
Od 45 Do 54 Lat;Kobiety;05.10.2005;paź;2005;134000
Od 55 Do 64 Lat;Kobiety;06.10.2005;paź;2005;80000
Od 65 Lat Wzwyż;Kobiety;07.10.2005;paź;2005;110000
Od 16 Do 19 Lat;Mężczyźni;08.10.2005;paź;2005;53000
Od 20 Do 24 Lat;Mężczyźni;09.10.2005;paź;2005;101000
Od 25 Do 34 Lat;Mężczyźni;10.10.2005;paź;2005;113000
Od 35 Do 44 Lat;Mężczyźni;11.10.2005;paź;2005;153000
Od 45 Do 54 Lat;Mężczyźni;12.10.2005;paź;2005;120000
Od 55 Do 64 Lat;Mężczyźni;13.10.2005;paź;2005;97000
Od 65 Lat Wzwyż;Mężczyźni;14.10.2005;paź;2005;10000
Od 16 Do 19 Lat;Kobiety;15.10.2005;paź;2005;27000
Od 20 Do 24 Lat;Kobiety;16.10.2005;paź;2005;88000
Od 25 Do 34 Lat;Kobiety;17.10.2005;paź;2005;120000
Od 35 Do 44 Lat;Kobiety;18.10.2005;paź;2005;122000
Od 45 Do 54 Lat;Kobiety;19.10.2005;paź;2005;125000
Od 55 Do 64 Lat;Kobiety;20.10.2005;paź;2005;86000
Od 65 Lat Wzwyż;Kobiety;21.10.2005;paź;2005;111000
Od 16 Do 19 Lat;Mężczyźni;22.10.2005;paź;2005;50000
Od 20 Do 24 Lat;Mężczyźni;23.10.2005;paź;2005;92000
Od 25 Do 34 Lat;Mężczyźni;24.10.2005;paź;2005;118000
Od 35 Do 44 Lat;Mężczyźni;25.10.2005;paź;2005;100000
Od 45 Do 54 Lat;Mężczyźni;26.10.2005;paź;2005;81000
Od 55 Do 64 Lat;Mężczyźni;27.10.2005;paź;2005;91000
Od 65 Lat Wzwyż;Mężczyźni;28.10.2005;paź;2005;29000
Od 16 Do 19 Lat;Kobiety;29.10.2005;paź;2005;21000
Od 20 Do 24 Lat;Kobiety;30.10.2005;paź;2005;68000
Od 25 Do 34 Lat;Kobiety;31.10.2005;paź;2005;85000
Od 35 Do 44 Lat;Kobiety;01.11.2005;lis;2005;94000
Od 45 Do 54 Lat;Kobiety;02.11.2005;lis;2005;118000
Od 55 Do 64 Lat;Kobiety;03.11.2005;lis;2005;74000
Od 65 Lat Wzwyż;Kobiety;04.11.2005;lis;2005;83000
Od 16 Do 19 Lat;Mężczyźni;05.11.2005;lis;2005;61000
Od 20 Do 24 Lat;Mężczyźni;06.11.2005;lis;2005;80000
Od 25 Do 34 Lat;Mężczyźni;07.11.2005;lis;2005;129000
Od 35 Do 44 Lat;Mężczyźni;08.11.2005;lis;2005;107000
Od 45 Do 54 Lat;Mężczyźni;09.11.2005;lis;2005;102000
Od 55 Do 64 Lat;Mężczyźni;10.11.2005;lis;2005;89000
Od 65 Lat Wzwyż;Mężczyźni;11.11.2005;lis;2005;28000
Od 16 Do 19 Lat;Kobiety;12.11.2005;lis;2005;37000
Od 20 Do 24 Lat;Kobiety;13.11.2005;lis;2005;82000
Od 25 Do 34 Lat;Kobiety;14.11.2005;lis;2005;77000
Od 35 Do 44 Lat;Kobiety;15.11.2005;lis;2005;108000
Od 45 Do 54 Lat;Kobiety;16.11.2005;lis;2005;121000
Od 55 Do 64 Lat;Kobiety;17.11.2005;lis;2005;74000
Od 65 Lat Wzwyż;Kobiety;18.11.2005;lis;2005;92000
Od 16 Do 19 Lat;Mężczyźni;19.11.2005;lis;2005;66000
Od 20 Do 24 Lat;Mężczyźni;20.11.2005;lis;2005;97000
Od 25 Do 34 Lat;Mężczyźni;21.11.2005;lis;2005;102000
Od 35 Do 44 Lat;Mężczyźni;22.11.2005;lis;2005;82000
Od 45 Do 54 Lat;Mężczyźni;23.11.2005;lis;2005;130000
Od 55 Do 64 Lat;Mężczyźni;24.11.2005;lis;2005;95000
Od 65 Lat Wzwyż;Mężczyźni;25.11.2005;lis;2005;18000
Od 16 Do 19 Lat;Kobiety;26.11.2005;lis;2005;30000
Od 20 Do 24 Lat;Kobiety;27.11.2005;lis;2005;49000
Od 25 Do 34 Lat;Kobiety;28.11.2005;lis;2005;95000
Od 35 Do 44 Lat;Kobiety;29.11.2005;lis;2005;96000
Od 45 Do 54 Lat;Kobiety;30.11.2005;lis;2005;101000
Od 55 Do 64 Lat;Kobiety;01.12.2005;gru;2005;81000
Od 65 Lat Wzwyż;Kobiety;02.12.2005;gru;2005;32000
Od 16 Do 19 Lat;Mężczyźni;03.12.2005;gru;2005;57000
Od 20 Do 24 Lat;Mężczyźni;04.12.2005;gru;2005;87000
Od 25 Do 34 Lat;Mężczyźni;05.12.2005;gru;2005;138000
Od 35 Do 44 Lat;Mężczyźni;06.12.2005;gru;2005;120000
Od 45 Do 54 Lat;Mężczyźni;07.12.2005;gru;2005;108000
Od 55 Do 64 Lat;Mężczyźni;08.12.2005;gru;2005;107000
Od 65 Lat Wzwyż;Mężczyźni;09.12.2005;gru;2005;16000
Od 16 Do 19 Lat;Kobiety;10.12.2005;gru;2005;33000
Od 20 Do 24 Lat;Kobiety;11.12.2005;gru;2005;43000
Od 25 Do 34 Lat;Kobiety;12.12.2005;gru;2005;126000
Od 35 Do 44 Lat;Kobiety;13.12.2005;gru;2005;114000
Od 45 Do 54 Lat;Kobiety;14.12.2005;gru;2005;137000
Od 55 Do 64 Lat;Kobiety;15.12.2005;gru;2005;72000
Od 65 Lat Wzwyż;Kobiety;16.12.2005;gru;2005;81000
Od 16 Do 19 Lat;Mężczyźni;17.12.2005;gru;2005;100000
Od 20 Do 24 Lat;Mężczyźni;18.12.2005;gru;2005;123000
Od 25 Do 34 Lat;Mężczyźni;19.12.2005;gru;2005;153000
Od 35 Do 44 Lat;Mężczyźni;20.12.2005;gru;2005;123000
Od 45 Do 54 Lat;Mężczyźni;21.12.2005;gru;2005;148000
Od 55 Do 64 Lat;Mężczyźni;22.12.2005;gru;2005;83000
Od 65 Lat Wzwyż;Mężczyźni;23.12.2005;gru;2005;29000
Od 16 Do 19 Lat;Kobiety;24.12.2005;gru;2005;37000
Od 20 Do 24 Lat;Kobiety;25.12.2005;gru;2005;45000
Od 25 Do 34 Lat;Kobiety;26.12.2005;gru;2005;127000
Od 35 Do 44 Lat;Kobiety;27.12.2005;gru;2005;124000
Od 45 Do 54 Lat;Kobiety;28.12.2005;gru;2005;125000
Od 55 Do 64 Lat;Kobiety;29.12.2005;gru;2005;50000
Od 65 Lat Wzwyż;Kobiety;30.12.2005;gru;2005;55000
Od 16 Do 19 Lat;Mężczyźni;31.12.2005;gru;2005;83000
Od 20 Do 24 Lat;Mężczyźni;01.01.2006;sty;2006;110000
Od 25 Do 34 Lat;Mężczyźni;02.01.2006;sty;2006;168000
Od 35 Do 44 Lat;Mężczyźni;03.01.2006;sty;2006;137000
Od 45 Do 54 Lat;Mężczyźni;04.01.2006;sty;2006;189000
Od 55 Do 64 Lat;Mężczyźni;05.01.2006;sty;2006;95000
Od 65 Lat Wzwyż;Mężczyźni;06.01.2006;sty;2006;28000
Od 16 Do 19 Lat;Kobiety;07.01.2006;sty;2006;24000
Od 20 Do 24 Lat;Kobiety;08.01.2006;sty;2006;35000
Od 25 Do 34 Lat;Kobiety;09.01.2006;sty;2006;135000
Od 35 Do 44 Lat;Kobiety;10.01.2006;sty;2006;102000
Od 45 Do 54 Lat;Kobiety;11.01.2006;sty;2006;113000
Od 55 Do 64 Lat;Kobiety;12.01.2006;sty;2006;56000
Od 65 Lat Wzwyż;Kobiety;13.01.2006;sty;2006;68000
Od 16 Do 19 Lat;Mężczyźni;14.01.2006;sty;2006;90000
Od 20 Do 24 Lat;Mężczyźni;15.01.2006;sty;2006;99000
Od 25 Do 34 Lat;Mężczyźni;16.01.2006;sty;2006;191000
Od 35 Do 44 Lat;Mężczyźni;17.01.2006;sty;2006;101000
Od 45 Do 54 Lat;Mężczyźni;18.01.2006;sty;2006;161000
Od 55 Do 64 Lat;Mężczyźni;19.01.2006;sty;2006;86000
Od 65 Lat Wzwyż;Mężczyźni;20.01.2006;sty;2006;20000
Od 16 Do 19 Lat;Kobiety;21.01.2006;sty;2006;45000
Od 20 Do 24 Lat;Kobiety;22.01.2006;sty;2006;53000
Od 25 Do 34 Lat;Kobiety;23.01.2006;sty;2006;138000
Od 35 Do 44 Lat;Kobiety;24.01.2006;sty;2006;94000
Od 45 Do 54 Lat;Kobiety;25.01.2006;sty;2006;122000
Od 55 Do 64 Lat;Kobiety;26.01.2006;sty;2006;53000
Od 65 Lat Wzwyż;Kobiety;27.01.2006;sty;2006;64000
Od 16 Do 19 Lat;Mężczyźni;28.01.2006;sty;2006;73000
Od 20 Do 24 Lat;Mężczyźni;29.01.2006;sty;2006;88000
Od 25 Do 34 Lat;Mężczyźni;30.01.2006;sty;2006;172000
Od 35 Do 44 Lat;Mężczyźni;31.01.2006;sty;2006;87000
Od 45 Do 54 Lat;Mężczyźni;01.02.2006;lut;2006;133000
Od 55 Do 64 Lat;Mężczyźni;02.02.2006;lut;2006;82000
Od 65 Lat Wzwyż;Mężczyźni;03.02.2006;lut;2006;19000
Od 16 Do 19 Lat;Kobiety;04.02.2006;lut;2006;37000
Od 20 Do 24 Lat;Kobiety;05.02.2006;lut;2006;44000
Od 25 Do 34 Lat;Kobiety;06.02.2006;lut;2006;119000
Od 35 Do 44 Lat;Kobiety;07.02.2006;lut;2006;97000
Od 45 Do 54 Lat;Kobiety;08.02.2006;lut;2006;107000
Od 55 Do 64 Lat;Kobiety;09.02.2006;lut;2006;60000
Od 65 Lat Wzwyż;Kobiety;10.02.2006;lut;2006;71000
Od 16 Do 19 Lat;Mężczyźni;11.02.2006;lut;2006;54000
Od 20 Do 24 Lat;Mężczyźni;12.02.2006;lut;2006;113000
Od 25 Do 34 Lat;Mężczyźni;13.02.2006;lut;2006;140000
Od 35 Do 44 Lat;Mężczyźni;14.02.2006;lut;2006;106000
Od 45 Do 54 Lat;Mężczyźni;15.02.2006;lut;2006;141000
Od 55 Do 64 Lat;Mężczyźni;16.02.2006;lut;2006;81000
Od 65 Lat Wzwyż;Mężczyźni;17.02.2006;lut;2006;17000
Od 16 Do 19 Lat;Kobiety;18.02.2006;lut;2006;54000
Od 20 Do 24 Lat;Kobiety;19.02.2006;lut;2006;44000
Od 25 Do 34 Lat;Kobiety;20.02.2006;lut;2006;94000
Od 35 Do 44 Lat;Kobiety;21.02.2006;lut;2006;98000
Od 45 Do 54 Lat;Kobiety;22.02.2006;lut;2006;100000
Od 55 Do 64 Lat;Kobiety;23.02.2006;lut;2006;52000
Od 65 Lat Wzwyż;Kobiety;24.02.2006;lut;2006;109000
Od 16 Do 19 Lat;Mężczyźni;25.02.2006;lut;2006;44000
Od 20 Do 24 Lat;Mężczyźni;26.02.2006;lut;2006;129000
Od 25 Do 34 Lat;Mężczyźni;27.02.2006;lut;2006;112000
Od 35 Do 44 Lat;Mężczyźni;28.02.2006;lut;2006;136000
Od 45 Do 54 Lat;Mężczyźni;01.03.2006;mar;2006;148000
Od 55 Do 64 Lat;Mężczyźni;02.03.2006;mar;2006;93000
Od 65 Lat Wzwyż;Mężczyźni;03.03.2006;mar;2006;36000
Od 16 Do 19 Lat;Kobiety;04.03.2006;mar;2006;41000
Od 20 Do 24 Lat;Kobiety;05.03.2006;mar;2006;75000
Od 25 Do 34 Lat;Kobiety;06.03.2006;mar;2006;128000
Od 35 Do 44 Lat;Kobiety;07.03.2006;mar;2006;150000
Od 45 Do 54 Lat;Kobiety;08.03.2006;mar;2006;118000
Od 55 Do 64 Lat;Kobiety;09.03.2006;mar;2006;63000
Od 65 Lat Wzwyż;Kobiety;10.03.2006;mar;2006;111000
Od 16 Do 19 Lat;Mężczyźni;11.03.2006;mar;2006;43000
Od 20 Do 24 Lat;Mężczyźni;12.03.2006;mar;2006;150000
Od 25 Do 34 Lat;Mężczyźni;13.03.2006;mar;2006;119000
Od 35 Do 44 Lat;Mężczyźni;14.03.2006;mar;2006;121000
Od 45 Do 54 Lat;Mężczyźni;15.03.2006;mar;2006;147000
Od 55 Do 64 Lat;Mężczyźni;16.03.2006;mar;2006;110000
Od 65 Lat Wzwyż;Mężczyźni;17.03.2006;mar;2006;17000
Od 16 Do 19 Lat;Kobiety;18.03.2006;mar;2006;47000
Od 20 Do 24 Lat;Kobiety;19.03.2006;mar;2006;66000
Od 25 Do 34 Lat;Kobiety;20.03.2006;mar;2006;125000
Od 35 Do 44 Lat;Kobiety;21.03.2006;mar;2006;112000
Od 45 Do 54 Lat;Kobiety;22.03.2006;mar;2006;125000
Od 55 Do 64 Lat;Kobiety;23.03.2006;mar;2006;50000
Od 65 Lat Wzwyż;Kobiety;24.03.2006;mar;2006;84000
Od 16 Do 19 Lat;Mężczyźni;25.03.2006;mar;2006;68000
Od 20 Do 24 Lat;Mężczyźni;26.03.2006;mar;2006;131000
Od 25 Do 34 Lat;Mężczyźni;27.03.2006;mar;2006;140000
Od 35 Do 44 Lat;Mężczyźni;28.03.2006;mar;2006;139000
Od 45 Do 54 Lat;Mężczyźni;29.03.2006;mar;2006;129000
Od 55 Do 64 Lat;Mężczyźni;30.03.2006;mar;2006;105000
Od 65 Lat Wzwyż;Mężczyźni;31.03.2006;mar;2006;19000
Od 16 Do 19 Lat;Kobiety;01.04.2006;kwi;2006;36000
Od 20 Do 24 Lat;Kobiety;02.04.2006;kwi;2006;73000
Od 25 Do 34 Lat;Kobiety;03.04.2006;kwi;2006;115000
Od 35 Do 44 Lat;Kobiety;04.04.2006;kwi;2006;126000
Od 45 Do 54 Lat;Kobiety;05.04.2006;kwi;2006;127000
Od 55 Do 64 Lat;Kobiety;06.04.2006;kwi;2006;53000
Od 65 Lat Wzwyż;Kobiety;07.04.2006;kwi;2006;92000
Od 16 Do 19 Lat;Mężczyźni;08.04.2006;kwi;2006;60000
Od 20 Do 24 Lat;Mężczyźni;09.04.2006;kwi;2006;117000
Od 25 Do 34 Lat;Mężczyźni;10.04.2006;kwi;2006;100000
Od 35 Do 44 Lat;Mężczyźni;11.04.2006;kwi;2006;119000
Od 45 Do 54 Lat;Mężczyźni;12.04.2006;kwi;2006;144000
Od 55 Do 64 Lat;Mężczyźni;13.04.2006;kwi;2006;95000
Od 65 Lat Wzwyż;Mężczyźni;14.04.2006;kwi;2006;29000
Od 16 Do 19 Lat;Kobiety;15.04.2006;kwi;2006;27000
Od 20 Do 24 Lat;Kobiety;16.04.2006;kwi;2006;83000
Od 25 Do 34 Lat;Kobiety;17.04.2006;kwi;2006;104000
Od 35 Do 44 Lat;Kobiety;18.04.2006;kwi;2006;156000
Od 45 Do 54 Lat;Kobiety;19.04.2006;kwi;2006;146000
Od 55 Do 64 Lat;Kobiety;20.04.2006;kwi;2006;85000
Od 65 Lat Wzwyż;Kobiety;21.04.2006;kwi;2006;76000
Od 16 Do 19 Lat;Mężczyźni;22.04.2006;kwi;2006;65000
Od 20 Do 24 Lat;Mężczyźni;23.04.2006;kwi;2006;88000
Od 25 Do 34 Lat;Mężczyźni;24.04.2006;kwi;2006;149000
Od 35 Do 44 Lat;Mężczyźni;25.04.2006;kwi;2006;142000
Od 45 Do 54 Lat;Mężczyźni;26.04.2006;kwi;2006;128000
Od 55 Do 64 Lat;Mężczyźni;27.04.2006;kwi;2006;88000
Od 65 Lat Wzwyż;Mężczyźni;28.04.2006;kwi;2006;33000
Od 16 Do 19 Lat;Kobiety;29.04.2006;kwi;2006;46000
Od 20 Do 24 Lat;Kobiety;30.04.2006;kwi;2006;100000
Od 25 Do 34 Lat;Kobiety;01.05.2006;maj;2006;129000
Od 35 Do 44 Lat;Kobiety;02.05.2006;maj;2006;140000
Od 45 Do 54 Lat;Kobiety;03.05.2006;maj;2006;146000
Od 55 Do 64 Lat;Kobiety;04.05.2006;maj;2006;86000
Od 65 Lat Wzwyż;Kobiety;05.05.2006;maj;2006;89000
Od 16 Do 19 Lat;Mężczyźni;06.05.2006;maj;2006;69000
Od 20 Do 24 Lat;Mężczyźni;07.05.2006;maj;2006;106000
Od 25 Do 34 Lat;Mężczyźni;08.05.2006;maj;2006;147000
Od 35 Do 44 Lat;Mężczyźni;09.05.2006;maj;2006;132000
Od 45 Do 54 Lat;Mężczyźni;10.05.2006;maj;2006;149000
Od 55 Do 64 Lat;Mężczyźni;11.05.2006;maj;2006;83000
Od 65 Lat Wzwyż;Mężczyźni;12.05.2006;maj;2006;36000
Od 16 Do 19 Lat;Kobiety;13.05.2006;maj;2006;36000
Od 20 Do 24 Lat;Kobiety;14.05.2006;maj;2006;80000
Od 25 Do 34 Lat;Kobiety;15.05.2006;maj;2006;108000
Od 35 Do 44 Lat;Kobiety;16.05.2006;maj;2006;133000
Od 45 Do 54 Lat;Kobiety;17.05.2006;maj;2006;124000
Od 55 Do 64 Lat;Kobiety;18.05.2006;maj;2006;63000
Od 65 Lat Wzwyż;Kobiety;19.05.2006;maj;2006;77000
Od 16 Do 19 Lat;Mężczyźni;20.05.2006;maj;2006;90000
Od 20 Do 24 Lat;Mężczyźni;21.05.2006;maj;2006;138000
Od 25 Do 34 Lat;Mężczyźni;22.05.2006;maj;2006;169000
Od 35 Do 44 Lat;Mężczyźni;23.05.2006;maj;2006;155000
Od 45 Do 54 Lat;Mężczyźni;24.05.2006;maj;2006;145000
Od 55 Do 64 Lat;Mężczyźni;25.05.2006;maj;2006;75000
Od 65 Lat Wzwyż;Mężczyźni;26.05.2006;maj;2006;39000
Od 16 Do 19 Lat;Kobiety;27.05.2006;maj;2006;47000
Od 20 Do 24 Lat;Kobiety;28.05.2006;maj;2006;76000
Od 25 Do 34 Lat;Kobiety;29.05.2006;maj;2006;93000
Od 35 Do 44 Lat;Kobiety;30.05.2006;maj;2006;126000
Od 45 Do 54 Lat;Kobiety;31.05.2006;maj;2006;153000
Od 55 Do 64 Lat;Kobiety;01.06.2006;cze;2006;88000
Od 65 Lat Wzwyż;Kobiety;02.06.2006;cze;2006;99000
Od 16 Do 19 Lat;Mężczyźni;03.06.2006;cze;2006;105000
Od 20 Do 24 Lat;Mężczyźni;04.06.2006;cze;2006;146000
Od 25 Do 34 Lat;Mężczyźni;05.06.2006;cze;2006;121000
Od 35 Do 44 Lat;Mężczyźni;06.06.2006;cze;2006;151000
Od 45 Do 54 Lat;Mężczyźni;07.06.2006;cze;2006;164000
Od 55 Do 64 Lat;Mężczyźni;08.06.2006;cze;2006;95000
Od 65 Lat Wzwyż;Mężczyźni;09.06.2006;cze;2006;31000
Od 16 Do 19 Lat;Kobiety;10.06.2006;cze;2006;37000
Od 20 Do 24 Lat;Kobiety;11.06.2006;cze;2006;56000
Od 25 Do 34 Lat;Kobiety;12.06.2006;cze;2006;107000
Od 35 Do 44 Lat;Kobiety;13.06.2006;cze;2006;97000
Od 45 Do 54 Lat;Kobiety;14.06.2006;cze;2006;130000
Od 55 Do 64 Lat;Kobiety;15.06.2006;cze;2006;103000
Od 65 Lat Wzwyż;Kobiety;16.06.2006;cze;2006;106000
Od 16 Do 19 Lat;Mężczyźni;17.06.2006;cze;2006;71000
Od 20 Do 24 Lat;Mężczyźni;18.06.2006;cze;2006;142000
Od 25 Do 34 Lat;Mężczyźni;19.06.2006;cze;2006;145000
Od 35 Do 44 Lat;Mężczyźni;20.06.2006;cze;2006;154000
Od 45 Do 54 Lat;Mężczyźni;21.06.2006;cze;2006;201000
Od 55 Do 64 Lat;Mężczyźni;22.06.2006;cze;2006;78000
Od 65 Lat Wzwyż;Mężczyźni;23.06.2006;cze;2006;34000
Od 16 Do 19 Lat;Kobiety;24.06.2006;cze;2006;51000
Od 20 Do 24 Lat;Kobiety;25.06.2006;cze;2006;52000
Od 25 Do 34 Lat;Kobiety;26.06.2006;cze;2006;124000
Od 35 Do 44 Lat;Kobiety;27.06.2006;cze;2006;101000
Od 45 Do 54 Lat;Kobiety;28.06.2006;cze;2006;113000
Od 55 Do 64 Lat;Kobiety;29.06.2006;cze;2006;75000
Od 65 Lat Wzwyż;Kobiety;30.06.2006;cze;2006;101000
Od 16 Do 19 Lat;Mężczyźni;01.07.2006;lip;2006;95000
Od 20 Do 24 Lat;Mężczyźni;02.07.2006;lip;2006;154000
Od 25 Do 34 Lat;Mężczyźni;03.07.2006;lip;2006;165000
Od 35 Do 44 Lat;Mężczyźni;04.07.2006;lip;2006;175000
Od 45 Do 54 Lat;Mężczyźni;05.07.2006;lip;2006;203000
Od 55 Do 64 Lat;Mężczyźni;06.07.2006;lip;2006;67000
Od 65 Lat Wzwyż;Mężczyźni;07.07.2006;lip;2006;33000
Od 16 Do 19 Lat;Kobiety;08.07.2006;lip;2006;50000
Od 20 Do 24 Lat;Kobiety;09.07.2006;lip;2006;44000
Od 25 Do 34 Lat;Kobiety;10.07.2006;lip;2006;137000
Od 35 Do 44 Lat;Kobiety;11.07.2006;lip;2006;85000
Od 45 Do 54 Lat;Kobiety;12.07.2006;lip;2006;154000
Od 55 Do 64 Lat;Kobiety;13.07.2006;lip;2006;72000
Od 65 Lat Wzwyż;Kobiety;14.07.2006;lip;2006;98000
Od 16 Do 19 Lat;Mężczyźni;15.07.2006;lip;2006;91000
Od 20 Do 24 Lat;Mężczyźni;16.07.2006;lip;2006;174000
Od 25 Do 34 Lat;Mężczyźni;17.07.2006;lip;2006;180000
Od 35 Do 44 Lat;Mężczyźni;18.07.2006;lip;2006;143000
Od 45 Do 54 Lat;Mężczyźni;19.07.2006;lip;2006;183000
Od 55 Do 64 Lat;Mężczyźni;20.07.2006;lip;2006;94000
Od 65 Lat Wzwyż;Mężczyźni;21.07.2006;lip;2006;27000
Od 16 Do 19 Lat;Kobiety;22.07.2006;lip;2006;69000
Od 20 Do 24 Lat;Kobiety;23.07.2006;lip;2006;61000
Od 25 Do 34 Lat;Kobiety;24.07.2006;lip;2006;148000
Od 35 Do 44 Lat;Kobiety;25.07.2006;lip;2006;118000
Od 45 Do 54 Lat;Kobiety;26.07.2006;lip;2006;183000
Od 55 Do 64 Lat;Kobiety;27.07.2006;lip;2006;76000
Od 65 Lat Wzwyż;Kobiety;28.07.2006;lip;2006;67000
Od 16 Do 19 Lat;Mężczyźni;29.07.2006;lip;2006;80000
Od 20 Do 24 Lat;Mężczyźni;30.07.2006;lip;2006;160000
Od 25 Do 34 Lat;Mężczyźni;31.07.2006;lip;2006;210000
Od 35 Do 44 Lat;Mężczyźni;01.08.2006;sie;2006;158000
Od 45 Do 54 Lat;Mężczyźni;02.08.2006;sie;2006;173000
Od 55 Do 64 Lat;Mężczyźni;03.08.2006;sie;2006;99000
Od 65 Lat Wzwyż;Mężczyźni;04.08.2006;sie;2006;25000
Od 16 Do 19 Lat;Kobiety;05.08.2006;sie;2006;51000
Od 20 Do 24 Lat;Kobiety;06.08.2006;sie;2006;71000
Od 25 Do 34 Lat;Kobiety;07.08.2006;sie;2006;132000
Od 35 Do 44 Lat;Kobiety;08.08.2006;sie;2006;118000
Od 45 Do 54 Lat;Kobiety;09.08.2006;sie;2006;168000
Od 55 Do 64 Lat;Kobiety;10.08.2006;sie;2006;66000
Od 65 Lat Wzwyż;Kobiety;11.08.2006;sie;2006;99000
Od 16 Do 19 Lat;Mężczyźni;12.08.2006;sie;2006;74000
Od 20 Do 24 Lat;Mężczyźni;13.08.2006;sie;2006;151000
Od 25 Do 34 Lat;Mężczyźni;14.08.2006;sie;2006;193000
Od 35 Do 44 Lat;Mężczyźni;15.08.2006;sie;2006;201000
Od 45 Do 54 Lat;Mężczyźni;16.08.2006;sie;2006;196000
Od 55 Do 64 Lat;Mężczyźni;17.08.2006;sie;2006;70000
Od 65 Lat Wzwyż;Mężczyźni;18.08.2006;sie;2006;37000
Od 16 Do 19 Lat;Kobiety;19.08.2006;sie;2006;48000
Od 20 Do 24 Lat;Kobiety;20.08.2006;sie;2006;85000
Od 25 Do 34 Lat;Kobiety;21.08.2006;sie;2006;163000
Od 35 Do 44 Lat;Kobiety;22.08.2006;sie;2006;147000
Od 45 Do 54 Lat;Kobiety;23.08.2006;sie;2006;197000
Od 55 Do 64 Lat;Kobiety;24.08.2006;sie;2006;78000
Od 65 Lat Wzwyż;Kobiety;25.08.2006;sie;2006;133000
Od 16 Do 19 Lat;Mężczyźni;26.08.2006;sie;2006;78000
Od 20 Do 24 Lat;Mężczyźni;27.08.2006;sie;2006;138000
Od 25 Do 34 Lat;Mężczyźni;28.08.2006;sie;2006;222000
Od 35 Do 44 Lat;Mężczyźni;29.08.2006;sie;2006;208000
Od 45 Do 54 Lat;Mężczyźni;30.08.2006;sie;2006;206000
Od 55 Do 64 Lat;Mężczyźni;31.08.2006;sie;2006;103000
Od 65 Lat Wzwyż;Mężczyźni;01.09.2006;wrz;2006;50000
Od 16 Do 19 Lat;Kobiety;02.09.2006;wrz;2006;62000
Od 20 Do 24 Lat;Kobiety;03.09.2006;wrz;2006;101000
Od 25 Do 34 Lat;Kobiety;04.09.2006;wrz;2006;204000
Od 35 Do 44 Lat;Kobiety;05.09.2006;wrz;2006;166000
Od 45 Do 54 Lat;Kobiety;06.09.2006;wrz;2006;209000
Od 55 Do 64 Lat;Kobiety;07.09.2006;wrz;2006;99000
Od 65 Lat Wzwyż;Kobiety;08.09.2006;wrz;2006;149000
Od 16 Do 19 Lat;Mężczyźni;09.09.2006;wrz;2006;75000
Od 20 Do 24 Lat;Mężczyźni;10.09.2006;wrz;2006;169000
Od 25 Do 34 Lat;Mężczyźni;11.09.2006;wrz;2006;249000
Od 35 Do 44 Lat;Mężczyźni;12.09.2006;wrz;2006;235000
Od 45 Do 54 Lat;Mężczyźni;13.09.2006;wrz;2006;212000
Od 55 Do 64 Lat;Mężczyźni;14.09.2006;wrz;2006;126000
Od 65 Lat Wzwyż;Mężczyźni;15.09.2006;wrz;2006;46000
Od 16 Do 19 Lat;Kobiety;16.09.2006;wrz;2006;69000
Od 20 Do 24 Lat;Kobiety;17.09.2006;wrz;2006;141000
Od 25 Do 34 Lat;Kobiety;18.09.2006;wrz;2006;177000
Od 35 Do 44 Lat;Kobiety;19.09.2006;wrz;2006;146000
Od 45 Do 54 Lat;Kobiety;20.09.2006;wrz;2006;231000
Od 55 Do 64 Lat;Kobiety;21.09.2006;wrz;2006;112000
Od 65 Lat Wzwyż;Kobiety;22.09.2006;wrz;2006;125000
Od 16 Do 19 Lat;Mężczyźni;23.09.2006;wrz;2006;114000
Od 20 Do 24 Lat;Mężczyźni;24.09.2006;wrz;2006;176000
Od 25 Do 34 Lat;Mężczyźni;25.09.2006;wrz;2006;281000
Od 35 Do 44 Lat;Mężczyźni;26.09.2006;wrz;2006;250000
Od 45 Do 54 Lat;Mężczyźni;27.09.2006;wrz;2006;217000
Od 55 Do 64 Lat;Mężczyźni;28.09.2006;wrz;2006;158000
Od 65 Lat Wzwyż;Mężczyźni;29.09.2006;wrz;2006;45000
Od 16 Do 19 Lat;Kobiety;30.09.2006;wrz;2006;48000
Od 20 Do 24 Lat;Kobiety;01.10.2006;paź;2006;104000
Od 25 Do 34 Lat;Kobiety;02.10.2006;paź;2006;222000
Od 35 Do 44 Lat;Kobiety;03.10.2006;paź;2006;192000
Od 45 Do 54 Lat;Kobiety;04.10.2006;paź;2006;243000
Od 55 Do 64 Lat;Kobiety;05.10.2006;paź;2006;132000
Od 65 Lat Wzwyż;Kobiety;06.10.2006;paź;2006;146000
Od 16 Do 19 Lat;Mężczyźni;07.10.2006;paź;2006;106000
Od 20 Do 24 Lat;Mężczyźni;08.10.2006;paź;2006;152000
Od 25 Do 34 Lat;Mężczyźni;09.10.2006;paź;2006;316000
Od 35 Do 44 Lat;Mężczyźni;10.10.2006;paź;2006;206000
Od 45 Do 54 Lat;Mężczyźni;11.10.2006;paź;2006;253000
Od 55 Do 64 Lat;Mężczyźni;12.10.2006;paź;2006;171000
Od 65 Lat Wzwyż;Mężczyźni;13.10.2006;paź;2006;57000
Od 16 Do 19 Lat;Kobiety;14.10.2006;paź;2006;53000
Od 20 Do 24 Lat;Kobiety;15.10.2006;paź;2006;106000
Od 25 Do 34 Lat;Kobiety;16.10.2006;paź;2006;202000
Od 35 Do 44 Lat;Kobiety;17.10.2006;paź;2006;203000
Od 45 Do 54 Lat;Kobiety;18.10.2006;paź;2006;189000
Od 55 Do 64 Lat;Kobiety;19.10.2006;paź;2006;156000
Od 65 Lat Wzwyż;Kobiety;20.10.2006;paź;2006;95000
Od 16 Do 19 Lat;Mężczyźni;21.10.2006;paź;2006;109000
Od 20 Do 24 Lat;Mężczyźni;22.10.2006;paź;2006;216000
Od 25 Do 34 Lat;Mężczyźni;23.10.2006;paź;2006;323000
Od 35 Do 44 Lat;Mężczyźni;24.10.2006;paź;2006;253000
Od 45 Do 54 Lat;Mężczyźni;25.10.2006;paź;2006;318000
Od 55 Do 64 Lat;Mężczyźni;26.10.2006;paź;2006;173000
Od 65 Lat Wzwyż;Mężczyźni;27.10.2006;paź;2006;66000
Od 16 Do 19 Lat;Kobiety;28.10.2006;paź;2006;83000
Od 20 Do 24 Lat;Kobiety;29.10.2006;paź;2006;132000
Od 25 Do 34 Lat;Kobiety;30.10.2006;paź;2006;165000
Od 35 Do 44 Lat;Kobiety;31.10.2006;paź;2006;222000
Od 45 Do 54 Lat;Kobiety;01.11.2006;lis;2006;246000
Od 55 Do 64 Lat;Kobiety;02.11.2006;lis;2006;174000
Od 65 Lat Wzwyż;Kobiety;03.11.2006;lis;2006;109000
Od 16 Do 19 Lat;Mężczyźni;04.11.2006;lis;2006;135000
Od 20 Do 24 Lat;Mężczyźni;05.11.2006;lis;2006;234000
Od 25 Do 34 Lat;Mężczyźni;06.11.2006;lis;2006;331000
Od 35 Do 44 Lat;Mężczyźni;07.11.2006;lis;2006;279000
Od 45 Do 54 Lat;Mężczyźni;08.11.2006;lis;2006;372000
Od 55 Do 64 Lat;Mężczyźni;09.11.2006;lis;2006;179000
Od 65 Lat Wzwyż;Mężczyźni;10.11.2006;lis;2006;78000
Od 16 Do 19 Lat;Kobiety;11.11.2006;lis;2006;86000
Od 20 Do 24 Lat;Kobiety;12.11.2006;lis;2006;123000
Od 25 Do 34 Lat;Kobiety;13.11.2006;lis;2006;209000
Od 35 Do 44 Lat;Kobiety;14.11.2006;lis;2006;272000
Od 45 Do 54 Lat;Kobiety;15.11.2006;lis;2006;223000
Od 55 Do 64 Lat;Kobiety;16.11.2006;lis;2006;186000
Od 65 Lat Wzwyż;Kobiety;17.11.2006;lis;2006;146000
Od 16 Do 19 Lat;Mężczyźni;18.11.2006;lis;2006;198000
Od 20 Do 24 Lat;Mężczyźni;19.11.2006;lis;2006;258000
Od 25 Do 34 Lat;Mężczyźni;20.11.2006;lis;2006;363000
Od 35 Do 44 Lat;Mężczyźni;21.11.2006;lis;2006;311000
Od 45 Do 54 Lat;Mężczyźni;22.11.2006;lis;2006;438000
Od 55 Do 64 Lat;Mężczyźni;23.11.2006;lis;2006;196000
Od 65 Lat Wzwyż;Mężczyźni;24.11.2006;lis;2006;100000
Od 16 Do 19 Lat;Kobiety;25.11.2006;lis;2006;85000
Od 20 Do 24 Lat;Kobiety;26.11.2006;lis;2006;178000
Od 25 Do 34 Lat;Kobiety;27.11.2006;lis;2006;209000
Od 35 Do 44 Lat;Kobiety;28.11.2006;lis;2006;293000
Od 45 Do 54 Lat;Kobiety;29.11.2006;lis;2006;241000
Od 55 Do 64 Lat;Kobiety;30.11.2006;lis;2006;149000
Od 65 Lat Wzwyż;Kobiety;01.12.2006;gru;2006;167000
Od 16 Do 19 Lat;Mężczyźni;02.12.2006;gru;2006;152000
Od 20 Do 24 Lat;Mężczyźni;03.12.2006;gru;2006;288000
Od 25 Do 34 Lat;Mężczyźni;04.12.2006;gru;2006;406000
Od 35 Do 44 Lat;Mężczyźni;05.12.2006;gru;2006;399000
Od 45 Do 54 Lat;Mężczyźni;06.12.2006;gru;2006;461000
Od 55 Do 64 Lat;Mężczyźni;07.12.2006;gru;2006;239000
Od 65 Lat Wzwyż;Mężczyźni;08.12.2006;gru;2006;80000
Od 16 Do 19 Lat;Kobiety;09.12.2006;gru;2006;112000
Od 20 Do 24 Lat;Kobiety;10.12.2006;gru;2006;169000
Od 25 Do 34 Lat;Kobiety;11.12.2006;gru;2006;242000
Od 35 Do 44 Lat;Kobiety;12.12.2006;gru;2006;279000
Od 45 Do 54 Lat;Kobiety;13.12.2006;gru;2006;282000
Od 55 Do 64 Lat;Kobiety;14.12.2006;gru;2006;180000
Od 65 Lat Wzwyż;Kobiety;15.12.2006;gru;2006;160000
Od 16 Do 19 Lat;Mężczyźni;16.12.2006;gru;2006;213000
Od 20 Do 24 Lat;Mężczyźni;17.12.2006;gru;2006;366000
Od 25 Do 34 Lat;Mężczyźni;18.12.2006;gru;2006;506000
Od 35 Do 44 Lat;Mężczyźni;19.12.2006;gru;2006;485000
Od 45 Do 54 Lat;Mężczyźni;20.12.2006;gru;2006;489000
Od 55 Do 64 Lat;Mężczyźni;21.12.2006;gru;2006;269000
Od 65 Lat Wzwyż;Mężczyźni;22.12.2006;gru;2006;79000
Od 16 Do 19 Lat;Kobiety;23.12.2006;gru;2006;121000
Od 20 Do 24 Lat;Kobiety;24.12.2006;gru;2006;167000
Od 25 Do 34 Lat;Kobiety;25.12.2006;gru;2006;318000
Od 35 Do 44 Lat;Kobiety;26.12.2006;gru;2006;302000
Od 45 Do 54 Lat;Kobiety;27.12.2006;gru;2006;325000
Od 55 Do 64 Lat;Kobiety;28.12.2006;gru;2006;205000
Od 65 Lat Wzwyż;Kobiety;29.12.2006;gru;2006;145000
Od 16 Do 19 Lat;Mężczyźni;30.12.2006;gru;2006;174000
Od 20 Do 24 Lat;Mężczyźni;31.12.2006;gru;2006;366000
Od 25 Do 34 Lat;Mężczyźni;01.01.2007;sty;2007;537000
Od 35 Do 44 Lat;Mężczyźni;02.01.2007;sty;2007;450000
Od 45 Do 54 Lat;Mężczyźni;03.01.2007;sty;2007;479000
Od 55 Do 64 Lat;Mężczyźni;04.01.2007;sty;2007;282000
Od 65 Lat Wzwyż;Mężczyźni;05.01.2007;sty;2007;87000
Od 16 Do 19 Lat;Kobiety;06.01.2007;sty;2007;102000
Od 20 Do 24 Lat;Kobiety;07.01.2007;sty;2007;212000
Od 25 Do 34 Lat;Kobiety;08.01.2007;sty;2007;377000
Od 35 Do 44 Lat;Kobiety;09.01.2007;sty;2007;297000
Od 45 Do 54 Lat;Kobiety;10.01.2007;sty;2007;327000
Od 55 Do 64 Lat;Kobiety;11.01.2007;sty;2007;214000
Od 65 Lat Wzwyż;Kobiety;12.01.2007;sty;2007;171000
Od 16 Do 19 Lat;Mężczyźni;13.01.2007;sty;2007;207000
Od 20 Do 24 Lat;Mężczyźni;14.01.2007;sty;2007;300000
Od 25 Do 34 Lat;Mężczyźni;15.01.2007;sty;2007;553000
Od 35 Do 44 Lat;Mężczyźni;16.01.2007;sty;2007;495000
Od 45 Do 54 Lat;Mężczyźni;17.01.2007;sty;2007;488000
Od 55 Do 64 Lat;Mężczyźni;18.01.2007;sty;2007;361000
Od 65 Lat Wzwyż;Mężczyźni;19.01.2007;sty;2007;107000
Od 16 Do 19 Lat;Kobiety;20.01.2007;sty;2007;118000
Od 20 Do 24 Lat;Kobiety;21.01.2007;sty;2007;212000
Od 25 Do 34 Lat;Kobiety;22.01.2007;sty;2007;382000
Od 35 Do 44 Lat;Kobiety;23.01.2007;sty;2007;355000
Od 45 Do 54 Lat;Kobiety;24.01.2007;sty;2007;354000
Od 55 Do 64 Lat;Kobiety;25.01.2007;sty;2007;231000
Od 65 Lat Wzwyż;Kobiety;26.01.2007;sty;2007;197000
Od 16 Do 19 Lat;Mężczyźni;27.01.2007;sty;2007;192000
Od 20 Do 24 Lat;Mężczyźni;28.01.2007;sty;2007;416000
Od 25 Do 34 Lat;Mężczyźni;29.01.2007;sty;2007;730000
Od 35 Do 44 Lat;Mężczyźni;30.01.2007;sty;2007;551000
Od 45 Do 54 Lat;Mężczyźni;31.01.2007;sty;2007;552000
Od 55 Do 64 Lat;Mężczyźni;01.02.2007;lut;2007;378000
Od 65 Lat Wzwyż;Mężczyźni;02.02.2007;lut;2007;109000
Od 16 Do 19 Lat;Kobiety;03.02.2007;lut;2007;126000
Od 20 Do 24 Lat;Kobiety;04.02.2007;lut;2007;277000
Od 25 Do 34 Lat;Kobiety;05.02.2007;lut;2007;480000
Od 35 Do 44 Lat;Kobiety;06.02.2007;lut;2007;409000
Od 45 Do 54 Lat;Kobiety;07.02.2007;lut;2007;393000
Od 55 Do 64 Lat;Kobiety;08.02.2007;lut;2007;261000
Od 65 Lat Wzwyż;Kobiety;09.02.2007;lut;2007;210000
Od 16 Do 19 Lat;Mężczyźni;10.02.2007;lut;2007;180000
Od 20 Do 24 Lat;Mężczyźni;11.02.2007;lut;2007;360000
Od 25 Do 34 Lat;Mężczyźni;12.02.2007;lut;2007;734000
Od 35 Do 44 Lat;Mężczyźni;13.02.2007;lut;2007;574000
Od 45 Do 54 Lat;Mężczyźni;14.02.2007;lut;2007;626000
Od 55 Do 64 Lat;Mężczyźni;15.02.2007;lut;2007;379000
Od 65 Lat Wzwyż;Mężczyźni;16.02.2007;lut;2007;105000
Od 16 Do 19 Lat;Kobiety;17.02.2007;lut;2007;94000
Od 20 Do 24 Lat;Kobiety;18.02.2007;lut;2007;242000
Od 25 Do 34 Lat;Kobiety;19.02.2007;lut;2007;492000
Od 35 Do 44 Lat;Kobiety;20.02.2007;lut;2007;430000
Od 45 Do 54 Lat;Kobiety;21.02.2007;lut;2007;464000
Od 55 Do 64 Lat;Kobiety;22.02.2007;lut;2007;294000
Od 65 Lat Wzwyż;Kobiety;23.02.2007;lut;2007;196000
Od 16 Do 19 Lat;Mężczyźni;24.02.2007;lut;2007;165000
Od 20 Do 24 Lat;Mężczyźni;25.02.2007;lut;2007;395000
Od 25 Do 34 Lat;Mężczyźni;26.02.2007;lut;2007;764000
Od 35 Do 44 Lat;Mężczyźni;27.02.2007;lut;2007;635000
Od 45 Do 54 Lat;Mężczyźni;28.02.2007;lut;2007;698000
Od 55 Do 64 Lat;Mężczyźni;01.03.2007;mar;2007;376000
Od 65 Lat Wzwyż;Mężczyźni;02.03.2007;mar;2007;119000
Od 16 Do 19 Lat;Kobiety;03.03.2007;mar;2007;99000
Od 20 Do 24 Lat;Kobiety;04.03.2007;mar;2007;306000
Od 25 Do 34 Lat;Kobiety;05.03.2007;mar;2007;510000
Od 35 Do 44 Lat;Kobiety;06.03.2007;mar;2007;508000
Od 45 Do 54 Lat;Kobiety;07.03.2007;mar;2007;498000
Od 55 Do 64 Lat;Kobiety;08.03.2007;mar;2007;286000
Od 65 Lat Wzwyż;Kobiety;09.03.2007;mar;2007;210000
Od 16 Do 19 Lat;Mężczyźni;10.03.2007;mar;2007;229000
Od 20 Do 24 Lat;Mężczyźni;11.03.2007;mar;2007;400000
Od 25 Do 34 Lat;Mężczyźni;12.03.2007;mar;2007;738000
Od 35 Do 44 Lat;Mężczyźni;13.03.2007;mar;2007;647000
Od 45 Do 54 Lat;Mężczyźni;14.03.2007;mar;2007;730000
Od 55 Do 64 Lat;Mężczyźni;15.03.2007;mar;2007;390000
Od 65 Lat Wzwyż;Mężczyźni;16.03.2007;mar;2007;102000
Od 16 Do 19 Lat;Kobiety;17.03.2007;mar;2007;118000
Od 20 Do 24 Lat;Kobiety;18.03.2007;mar;2007;245000
Od 25 Do 34 Lat;Kobiety;19.03.2007;mar;2007;550000
Od 35 Do 44 Lat;Kobiety;20.03.2007;mar;2007;474000
Od 45 Do 54 Lat;Kobiety;21.03.2007;mar;2007;510000
Od 55 Do 64 Lat;Kobiety;22.03.2007;mar;2007;309000
Od 65 Lat Wzwyż;Kobiety;23.03.2007;mar;2007;188000
Od 16 Do 19 Lat;Mężczyźni;24.03.2007;mar;2007;228000
Od 20 Do 24 Lat;Mężczyźni;25.03.2007;mar;2007;425000
Od 25 Do 34 Lat;Mężczyźni;26.03.2007;mar;2007;787000
Od 35 Do 44 Lat;Mężczyźni;27.03.2007;mar;2007;668000
Od 45 Do 54 Lat;Mężczyźni;28.03.2007;mar;2007;816000
Od 55 Do 64 Lat;Mężczyźni;29.03.2007;mar;2007;468000
Od 65 Lat Wzwyż;Mężczyźni;30.03.2007;mar;2007;115000
Od 16 Do 19 Lat;Kobiety;31.03.2007;mar;2007;113000
Od 20 Do 24 Lat;Kobiety;01.04.2007;kwi;2007;297000
Od 25 Do 34 Lat;Kobiety;02.04.2007;kwi;2007;481000
Od 35 Do 44 Lat;Kobiety;03.04.2007;kwi;2007;497000
Od 45 Do 54 Lat;Kobiety;04.04.2007;kwi;2007;513000
Od 55 Do 64 Lat;Kobiety;05.04.2007;kwi;2007;347000
Od 65 Lat Wzwyż;Kobiety;06.04.2007;kwi;2007;184000
Od 16 Do 19 Lat;Mężczyźni;07.04.2007;kwi;2007;237000
Od 20 Do 24 Lat;Mężczyźni;08.04.2007;kwi;2007;428000
Od 25 Do 34 Lat;Mężczyźni;09.04.2007;kwi;2007;810000
Od 35 Do 44 Lat;Mężczyźni;10.04.2007;kwi;2007;699000
Od 45 Do 54 Lat;Mężczyźni;11.04.2007;kwi;2007;848000
Od 55 Do 64 Lat;Mężczyźni;12.04.2007;kwi;2007;471000
Od 65 Lat Wzwyż;Mężczyźni;13.04.2007;kwi;2007;123000
Od 16 Do 19 Lat;Kobiety;14.04.2007;kwi;2007;136000
Od 20 Do 24 Lat;Kobiety;15.04.2007;kwi;2007;230000
Od 25 Do 34 Lat;Kobiety;16.04.2007;kwi;2007;463000
Od 35 Do 44 Lat;Kobiety;17.04.2007;kwi;2007;492000
Od 45 Do 54 Lat;Kobiety;18.04.2007;kwi;2007;535000
Od 55 Do 64 Lat;Kobiety;19.04.2007;kwi;2007;335000
Od 65 Lat Wzwyż;Kobiety;20.04.2007;kwi;2007;186000
Od 16 Do 19 Lat;Mężczyźni;21.04.2007;kwi;2007;227000
Od 20 Do 24 Lat;Mężczyźni;22.04.2007;kwi;2007;542000
Od 25 Do 34 Lat;Mężczyźni;23.04.2007;kwi;2007;913000
Od 35 Do 44 Lat;Mężczyźni;24.04.2007;kwi;2007;733000
Od 45 Do 54 Lat;Mężczyźni;25.04.2007;kwi;2007;897000
Od 55 Do 64 Lat;Mężczyźni;26.04.2007;kwi;2007;549000
Od 65 Lat Wzwyż;Mężczyźni;27.04.2007;kwi;2007;136000
Od 16 Do 19 Lat;Kobiety;28.04.2007;kwi;2007;134000
Od 20 Do 24 Lat;Kobiety;29.04.2007;kwi;2007;244000
Od 25 Do 34 Lat;Kobiety;30.04.2007;kwi;2007;535000
Od 35 Do 44 Lat;Kobiety;01.05.2007;maj;2007;483000
Od 45 Do 54 Lat;Kobiety;02.05.2007;maj;2007;588000
Od 55 Do 64 Lat;Kobiety;03.05.2007;maj;2007;347000
Od 65 Lat Wzwyż;Kobiety;04.05.2007;maj;2007;195000
Od 16 Do 19 Lat;Mężczyźni;05.05.2007;maj;2007;228000
Od 20 Do 24 Lat;Mężczyźni;06.05.2007;maj;2007;516000
Od 25 Do 34 Lat;Mężczyźni;07.05.2007;maj;2007;951000
Od 35 Do 44 Lat;Mężczyźni;08.05.2007;maj;2007;828000
Od 45 Do 54 Lat;Mężczyźni;09.05.2007;maj;2007;821000
Od 55 Do 64 Lat;Mężczyźni;10.05.2007;maj;2007;546000
Od 65 Lat Wzwyż;Mężczyźni;11.05.2007;maj;2007;144000
Od 16 Do 19 Lat;Kobiety;12.05.2007;maj;2007;132000
Od 20 Do 24 Lat;Kobiety;13.05.2007;maj;2007;231000
Od 25 Do 34 Lat;Kobiety;14.05.2007;maj;2007;455000
Od 35 Do 44 Lat;Kobiety;15.05.2007;maj;2007;471000
Od 45 Do 54 Lat;Kobiety;16.05.2007;maj;2007;544000
Od 55 Do 64 Lat;Kobiety;17.05.2007;maj;2007;344000
Od 65 Lat Wzwyż;Kobiety;18.05.2007;maj;2007;228000
Od 16 Do 19 Lat;Mężczyźni;19.05.2007;maj;2007;286000
Od 20 Do 24 Lat;Mężczyźni;20.05.2007;maj;2007;564000
Od 25 Do 34 Lat;Mężczyźni;21.05.2007;maj;2007;999000
Od 35 Do 44 Lat;Mężczyźni;22.05.2007;maj;2007;757000
Od 45 Do 54 Lat;Mężczyźni;23.05.2007;maj;2007;927000
Od 55 Do 64 Lat;Mężczyźni;24.05.2007;maj;2007;536000
Od 65 Lat Wzwyż;Mężczyźni;25.05.2007;maj;2007;132000
Od 16 Do 19 Lat;Kobiety;26.05.2007;maj;2007;152000
Od 20 Do 24 Lat;Kobiety;27.05.2007;maj;2007;245000
Od 25 Do 34 Lat;Kobiety;28.05.2007;maj;2007;522000
Od 35 Do 44 Lat;Kobiety;29.05.2007;maj;2007;565000
Od 45 Do 54 Lat;Kobiety;30.05.2007;maj;2007;605000
Od 55 Do 64 Lat;Kobiety;31.05.2007;maj;2007;323000
Od 65 Lat Wzwyż;Kobiety;01.06.2007;cze;2007;191000
Od 16 Do 19 Lat;Mężczyźni;02.06.2007;cze;2007;296000
Od 20 Do 24 Lat;Mężczyźni;03.06.2007;cze;2007;653000
Od 25 Do 34 Lat;Mężczyźni;04.06.2007;cze;2007;956000
Od 35 Do 44 Lat;Mężczyźni;05.06.2007;cze;2007;807000
Od 45 Do 54 Lat;Mężczyźni;06.06.2007;cze;2007;931000
Od 55 Do 64 Lat;Mężczyźni;07.06.2007;cze;2007;544000
Od 65 Lat Wzwyż;Mężczyźni;08.06.2007;cze;2007;151000
Od 16 Do 19 Lat;Kobiety;09.06.2007;cze;2007;118000
Od 20 Do 24 Lat;Kobiety;10.06.2007;cze;2007;314000
Od 25 Do 34 Lat;Kobiety;11.06.2007;cze;2007;608000
Od 35 Do 44 Lat;Kobiety;12.06.2007;cze;2007;578000
Od 45 Do 54 Lat;Kobiety;13.06.2007;cze;2007;623000
Od 55 Do 64 Lat;Kobiety;14.06.2007;cze;2007;364000
Od 65 Lat Wzwyż;Kobiety;15.06.2007;cze;2007;156000
Od 16 Do 19 Lat;Mężczyźni;16.06.2007;cze;2007;240000
Od 20 Do 24 Lat;Mężczyźni;17.06.2007;cze;2007;493000
Od 25 Do 34 Lat;Mężczyźni;18.06.2007;cze;2007;1 011 000
Od 35 Do 44 Lat;Mężczyźni;19.06.2007;cze;2007;704000
Od 45 Do 54 Lat;Mężczyźni;20.06.2007;cze;2007;827000
Od 55 Do 64 Lat;Mężczyźni;21.06.2007;cze;2007;553000
Od 65 Lat Wzwyż;Mężczyźni;22.06.2007;cze;2007;144000
Od 16 Do 19 Lat;Kobiety;23.06.2007;cze;2007;159000
Od 20 Do 24 Lat;Kobiety;24.06.2007;cze;2007;293000
Od 25 Do 34 Lat;Kobiety;25.06.2007;cze;2007;631000
Od 35 Do 44 Lat;Kobiety;26.06.2007;cze;2007;550000
Od 45 Do 54 Lat;Kobiety;27.06.2007;cze;2007;546000
Od 55 Do 64 Lat;Kobiety;28.06.2007;cze;2007;403000
Od 65 Lat Wzwyż;Kobiety;29.06.2007;cze;2007;172000
Od 16 Do 19 Lat;Mężczyźni;30.06.2007;cze;2007;280000
Od 20 Do 24 Lat;Mężczyźni;01.07.2007;lip;2007;516000
Od 25 Do 34 Lat;Mężczyźni;02.07.2007;lip;2007;931000
Od 35 Do 44 Lat;Mężczyźni;03.07.2007;lip;2007;699000
Od 45 Do 54 Lat;Mężczyźni;04.07.2007;lip;2007;862000
Od 55 Do 64 Lat;Mężczyźni;05.07.2007;lip;2007;485000
Od 65 Lat Wzwyż;Mężczyźni;06.07.2007;lip;2007;115000
Od 16 Do 19 Lat;Kobiety;07.07.2007;lip;2007;117000
Od 20 Do 24 Lat;Kobiety;08.07.2007;lip;2007;301000
Od 25 Do 34 Lat;Kobiety;09.07.2007;lip;2007;578000
Od 35 Do 44 Lat;Kobiety;10.07.2007;lip;2007;538000
Od 45 Do 54 Lat;Kobiety;11.07.2007;lip;2007;528000
Od 55 Do 64 Lat;Kobiety;12.07.2007;lip;2007;399000
Od 65 Lat Wzwyż;Kobiety;13.07.2007;lip;2007;161000
Od 16 Do 19 Lat;Mężczyźni;14.07.2007;lip;2007;238000
Od 20 Do 24 Lat;Mężczyźni;15.07.2007;lip;2007;566000
Od 25 Do 34 Lat;Mężczyźni;16.07.2007;lip;2007;814000
Od 35 Do 44 Lat;Mężczyźni;17.07.2007;lip;2007;635000
Od 45 Do 54 Lat;Mężczyźni;18.07.2007;lip;2007;848000
Od 55 Do 64 Lat;Mężczyźni;19.07.2007;lip;2007;526000
Od 65 Lat Wzwyż;Mężczyźni;20.07.2007;lip;2007;135000
Od 16 Do 19 Lat;Kobiety;21.07.2007;lip;2007;152000
Od 20 Do 24 Lat;Kobiety;22.07.2007;lip;2007;359000
Od 25 Do 34 Lat;Kobiety;23.07.2007;lip;2007;630000
Od 35 Do 44 Lat;Kobiety;24.07.2007;lip;2007;568000
Od 45 Do 54 Lat;Kobiety;25.07.2007;lip;2007;575000
Od 55 Do 64 Lat;Kobiety;26.07.2007;lip;2007;390000
Od 65 Lat Wzwyż;Kobiety;27.07.2007;lip;2007;213000
Od 16 Do 19 Lat;Mężczyźni;28.07.2007;lip;2007;197000
Od 20 Do 24 Lat;Mężczyźni;29.07.2007;lip;2007;505000
Od 25 Do 34 Lat;Mężczyźni;30.07.2007;lip;2007;789000
Od 35 Do 44 Lat;Mężczyźni;31.07.2007;lip;2007;707000
Od 45 Do 54 Lat;Mężczyźni;01.08.2007;sie;2007;833000
Od 55 Do 64 Lat;Mężczyźni;02.08.2007;sie;2007;516000
Od 65 Lat Wzwyż;Mężczyźni;03.08.2007;sie;2007;134000
Od 16 Do 19 Lat;Kobiety;04.08.2007;sie;2007;126000
Od 20 Do 24 Lat;Kobiety;05.08.2007;sie;2007;273000
Od 25 Do 34 Lat;Kobiety;06.08.2007;sie;2007;579000
Od 35 Do 44 Lat;Kobiety;07.08.2007;sie;2007;547000
Od 45 Do 54 Lat;Kobiety;08.08.2007;sie;2007;598000
Od 55 Do 64 Lat;Kobiety;09.08.2007;sie;2007;385000
Od 65 Lat Wzwyż;Kobiety;10.08.2007;sie;2007;197000
Od 16 Do 19 Lat;Mężczyźni;11.08.2007;sie;2007;158000
Od 20 Do 24 Lat;Mężczyźni;12.08.2007;sie;2007;414000
Od 25 Do 34 Lat;Mężczyźni;13.08.2007;sie;2007;815000
Od 35 Do 44 Lat;Mężczyźni;14.08.2007;sie;2007;743000
Od 45 Do 54 Lat;Mężczyźni;15.08.2007;sie;2007;808000
Od 55 Do 64 Lat;Mężczyźni;16.08.2007;sie;2007;489000
Od 65 Lat Wzwyż;Mężczyźni;17.08.2007;sie;2007;134000
Od 16 Do 19 Lat;Kobiety;18.08.2007;sie;2007;93000
Od 20 Do 24 Lat;Kobiety;19.08.2007;sie;2007;252000
Od 25 Do 34 Lat;Kobiety;20.08.2007;sie;2007;615000
Od 35 Do 44 Lat;Kobiety;21.08.2007;sie;2007;546000
Od 45 Do 54 Lat;Kobiety;22.08.2007;sie;2007;538000
Od 55 Do 64 Lat;Kobiety;23.08.2007;sie;2007;408000
Od 65 Lat Wzwyż;Kobiety;24.08.2007;sie;2007;192000
Od 16 Do 19 Lat;Mężczyźni;25.08.2007;sie;2007;162000
Od 20 Do 24 Lat;Mężczyźni;26.08.2007;sie;2007;457000
Od 25 Do 34 Lat;Mężczyźni;27.08.2007;sie;2007;718000
Od 35 Do 44 Lat;Mężczyźni;28.08.2007;sie;2007;698000
Od 45 Do 54 Lat;Mężczyźni;29.08.2007;sie;2007;811000
Od 55 Do 64 Lat;Mężczyźni;30.08.2007;sie;2007;530000
Od 65 Lat Wzwyż;Mężczyźni;31.08.2007;sie;2007;141000
Od 16 Do 19 Lat;Kobiety;01.09.2007;wrz;2007;144000
Od 20 Do 24 Lat;Kobiety;02.09.2007;wrz;2007;315000
Od 25 Do 34 Lat;Kobiety;03.09.2007;wrz;2007;601000
Od 35 Do 44 Lat;Kobiety;04.09.2007;wrz;2007;485000
Od 45 Do 54 Lat;Kobiety;05.09.2007;wrz;2007;571000
Od 55 Do 64 Lat;Kobiety;06.09.2007;wrz;2007;374000
Od 65 Lat Wzwyż;Kobiety;07.09.2007;wrz;2007;158000
Od 16 Do 19 Lat;Mężczyźni;08.09.2007;wrz;2007;149000
Od 20 Do 24 Lat;Mężczyźni;09.09.2007;wrz;2007;440000
Od 25 Do 34 Lat;Mężczyźni;10.09.2007;wrz;2007;739000
Od 35 Do 44 Lat;Mężczyźni;11.09.2007;wrz;2007;699000
Od 45 Do 54 Lat;Mężczyźni;12.09.2007;wrz;2007;879000
Od 55 Do 64 Lat;Mężczyźni;13.09.2007;wrz;2007;539000
Od 65 Lat Wzwyż;Mężczyźni;14.09.2007;wrz;2007;173000
Od 16 Do 19 Lat;Kobiety;15.09.2007;wrz;2007;105000
Od 20 Do 24 Lat;Kobiety;16.09.2007;wrz;2007;306000
Od 25 Do 34 Lat;Kobiety;17.09.2007;wrz;2007;578000
Od 35 Do 44 Lat;Kobiety;18.09.2007;wrz;2007;529000
Od 45 Do 54 Lat;Kobiety;19.09.2007;wrz;2007;621000
Od 55 Do 64 Lat;Kobiety;20.09.2007;wrz;2007;394000
Od 65 Lat Wzwyż;Kobiety;21.09.2007;wrz;2007;205000
Od 16 Do 19 Lat;Mężczyźni;22.09.2007;wrz;2007;149000
Od 20 Do 24 Lat;Mężczyźni;23.09.2007;wrz;2007;456000
Od 25 Do 34 Lat;Mężczyźni;24.09.2007;wrz;2007;750000
Od 35 Do 44 Lat;Mężczyźni;25.09.2007;wrz;2007;693000
Od 45 Do 54 Lat;Mężczyźni;26.09.2007;wrz;2007;877000
Od 55 Do 64 Lat;Mężczyźni;27.09.2007;wrz;2007;476000
Od 65 Lat Wzwyż;Mężczyźni;28.09.2007;wrz;2007;157000
Od 16 Do 19 Lat;Kobiety;29.09.2007;wrz;2007;143000
Od 20 Do 24 Lat;Kobiety;30.09.2007;wrz;2007;297000
Od 25 Do 34 Lat;Kobiety;01.10.2007;paź;2007;576000
Od 35 Do 44 Lat;Kobiety;02.10.2007;paź;2007;557000
Od 45 Do 54 Lat;Kobiety;03.10.2007;paź;2007;577000
Od 55 Do 64 Lat;Kobiety;04.10.2007;paź;2007;378000
Od 65 Lat Wzwyż;Kobiety;05.10.2007;paź;2007;182000
Od 16 Do 19 Lat;Mężczyźni;06.10.2007;paź;2007;204000
Od 20 Do 24 Lat;Mężczyźni;07.10.2007;paź;2007;507000
Od 25 Do 34 Lat;Mężczyźni;08.10.2007;paź;2007;803000
Od 35 Do 44 Lat;Mężczyźni;09.10.2007;paź;2007;704000
Od 45 Do 54 Lat;Mężczyźni;10.10.2007;paź;2007;788000
Od 55 Do 64 Lat;Mężczyźni;11.10.2007;paź;2007;509000
Od 65 Lat Wzwyż;Mężczyźni;12.10.2007;paź;2007;152000
Od 16 Do 19 Lat;Kobiety;13.10.2007;paź;2007;148000
Od 20 Do 24 Lat;Kobiety;14.10.2007;paź;2007;348000
Od 25 Do 34 Lat;Kobiety;15.10.2007;paź;2007;525000
Od 35 Do 44 Lat;Kobiety;16.10.2007;paź;2007;530000
Od 45 Do 54 Lat;Kobiety;17.10.2007;paź;2007;630000
Od 55 Do 64 Lat;Kobiety;18.10.2007;paź;2007;355000
Od 65 Lat Wzwyż;Kobiety;19.10.2007;paź;2007;205000
Od 16 Do 19 Lat;Mężczyźni;20.10.2007;paź;2007;196000
Od 20 Do 24 Lat;Mężczyźni;21.10.2007;paź;2007;460000
Od 25 Do 34 Lat;Mężczyźni;22.10.2007;paź;2007;812000
Od 35 Do 44 Lat;Mężczyźni;23.10.2007;paź;2007;648000
Od 45 Do 54 Lat;Mężczyźni;24.10.2007;paź;2007;752000
Od 55 Do 64 Lat;Mężczyźni;25.10.2007;paź;2007;503000
Od 65 Lat Wzwyż;Mężczyźni;26.10.2007;paź;2007;145000
Od 16 Do 19 Lat;Kobiety;27.10.2007;paź;2007;99000
Od 20 Do 24 Lat;Kobiety;28.10.2007;paź;2007;371000
Od 25 Do 34 Lat;Kobiety;29.10.2007;paź;2007;542000
Od 35 Do 44 Lat;Kobiety;30.10.2007;paź;2007;520000
Od 45 Do 54 Lat;Kobiety;31.10.2007;paź;2007;608000
Od 55 Do 64 Lat;Kobiety;01.11.2007;lis;2007;318000
Od 65 Lat Wzwyż;Kobiety;02.11.2007;lis;2007;190000
Od 16 Do 19 Lat;Mężczyźni;03.11.2007;lis;2007;205000
Od 20 Do 24 Lat;Mężczyźni;04.11.2007;lis;2007;510000
Od 25 Do 34 Lat;Mężczyźni;05.11.2007;lis;2007;849000
Od 35 Do 44 Lat;Mężczyźni;06.11.2007;lis;2007;709000
Od 45 Do 54 Lat;Mężczyźni;07.11.2007;lis;2007;784000
Od 55 Do 64 Lat;Mężczyźni;08.11.2007;lis;2007;533000
Od 65 Lat Wzwyż;Mężczyźni;09.11.2007;lis;2007;140000
Od 16 Do 19 Lat;Kobiety;10.11.2007;lis;2007;134000
Od 20 Do 24 Lat;Kobiety;11.11.2007;lis;2007;329000
Od 25 Do 34 Lat;Kobiety;12.11.2007;lis;2007;514000
Od 35 Do 44 Lat;Kobiety;13.11.2007;lis;2007;514000
Od 45 Do 54 Lat;Kobiety;14.11.2007;lis;2007;589000
Od 55 Do 64 Lat;Kobiety;15.11.2007;lis;2007;362000
Od 65 Lat Wzwyż;Kobiety;16.11.2007;lis;2007;175000
Od 16 Do 19 Lat;Mężczyźni;17.11.2007;lis;2007;241000
Od 20 Do 24 Lat;Mężczyźni;18.11.2007;lis;2007;481000
Od 25 Do 34 Lat;Mężczyźni;19.11.2007;lis;2007;866000
Od 35 Do 44 Lat;Mężczyźni;20.11.2007;lis;2007;641000
Od 45 Do 54 Lat;Mężczyźni;21.11.2007;lis;2007;710000
Od 55 Do 64 Lat;Mężczyźni;22.11.2007;lis;2007;491000
Od 65 Lat Wzwyż;Mężczyźni;23.11.2007;lis;2007;137000
Od 16 Do 19 Lat;Kobiety;24.11.2007;lis;2007;115000
Od 20 Do 24 Lat;Kobiety;25.11.2007;lis;2007;324000
Od 25 Do 34 Lat;Kobiety;26.11.2007;lis;2007;571000
Od 35 Do 44 Lat;Kobiety;27.11.2007;lis;2007;505000
Od 45 Do 54 Lat;Kobiety;28.11.2007;lis;2007;578000
Od 55 Do 64 Lat;Kobiety;29.11.2007;lis;2007;355000
Od 65 Lat Wzwyż;Kobiety;30.11.2007;lis;2007;161000
Od 16 Do 19 Lat;Mężczyźni;01.12.2007;gru;2007;196000
Od 20 Do 24 Lat;Mężczyźni;02.12.2007;gru;2007;455000
Od 25 Do 34 Lat;Mężczyźni;03.12.2007;gru;2007;857000
Od 35 Do 44 Lat;Mężczyźni;04.12.2007;gru;2007;602000
Od 45 Do 54 Lat;Mężczyźni;05.12.2007;gru;2007;779000
Od 55 Do 64 Lat;Mężczyźni;06.12.2007;gru;2007;496000
Od 65 Lat Wzwyż;Mężczyźni;07.12.2007;gru;2007;148000
Od 16 Do 19 Lat;Kobiety;08.12.2007;gru;2007;162000
Od 20 Do 24 Lat;Kobiety;09.12.2007;gru;2007;354000
Od 25 Do 34 Lat;Kobiety;10.12.2007;gru;2007;559000
Od 35 Do 44 Lat;Kobiety;11.12.2007;gru;2007;485000
Od 45 Do 54 Lat;Kobiety;12.12.2007;gru;2007;588000
Od 55 Do 64 Lat;Kobiety;13.12.2007;gru;2007;382000
Od 65 Lat Wzwyż;Kobiety;14.12.2007;gru;2007;184000
Od 16 Do 19 Lat;Mężczyźni;15.12.2007;gru;2007;180000
Od 20 Do 24 Lat;Mężczyźni;16.12.2007;gru;2007;451000
Od 25 Do 34 Lat;Mężczyźni;17.12.2007;gru;2007;749000
Od 35 Do 44 Lat;Mężczyźni;18.12.2007;gru;2007;693000
Od 45 Do 54 Lat;Mężczyźni;19.12.2007;gru;2007;685000
Od 55 Do 64 Lat;Mężczyźni;20.12.2007;gru;2007;505000
Od 65 Lat Wzwyż;Mężczyźni;21.12.2007;gru;2007;148000
Od 16 Do 19 Lat;Kobiety;22.12.2007;gru;2007;151000
Od 20 Do 24 Lat;Kobiety;23.12.2007;gru;2007;297000
Od 25 Do 34 Lat;Kobiety;24.12.2007;gru;2007;599000
Od 35 Do 44 Lat;Kobiety;25.12.2007;gru;2007;528000
Od 45 Do 54 Lat;Kobiety;26.12.2007;gru;2007;596000
Od 55 Do 64 Lat;Kobiety;27.12.2007;gru;2007;388000
Od 65 Lat Wzwyż;Kobiety;28.12.2007;gru;2007;166000
Od 16 Do 19 Lat;Mężczyźni;29.12.2007;gru;2007;164000
Od 20 Do 24 Lat;Mężczyźni;30.12.2007;gru;2007;423000
Od 25 Do 34 Lat;Mężczyźni;31.12.2007;gru;2007;761000
Od 35 Do 44 Lat;Mężczyźni;01.01.2008;sty;2008;600000
Od 45 Do 54 Lat;Mężczyźni;02.01.2008;sty;2008;757000
Od 55 Do 64 Lat;Mężczyźni;03.01.2008;sty;2008;524000
Od 65 Lat Wzwyż;Mężczyźni;04.01.2008;sty;2008;159000
Od 16 Do 19 Lat;Kobiety;05.01.2008;sty;2008;171000
Od 20 Do 24 Lat;Kobiety;06.01.2008;sty;2008;312000
Od 25 Do 34 Lat;Kobiety;07.01.2008;sty;2008;688000
Od 35 Do 44 Lat;Kobiety;08.01.2008;sty;2008;543000
Od 45 Do 54 Lat;Kobiety;09.01.2008;sty;2008;596000
Od 55 Do 64 Lat;Kobiety;10.01.2008;sty;2008;403000
Od 65 Lat Wzwyż;Kobiety;11.01.2008;sty;2008;219000
Od 16 Do 19 Lat;Mężczyźni;12.01.2008;sty;2008;163000
Od 20 Do 24 Lat;Mężczyźni;13.01.2008;sty;2008;418000
Od 25 Do 34 Lat;Mężczyźni;14.01.2008;sty;2008;682000
Od 35 Do 44 Lat;Mężczyźni;15.01.2008;sty;2008;665000
Od 45 Do 54 Lat;Mężczyźni;16.01.2008;sty;2008;670000
Od 55 Do 64 Lat;Mężczyźni;17.01.2008;sty;2008;468000
Od 65 Lat Wzwyż;Mężczyźni;18.01.2008;sty;2008;153000
Od 16 Do 19 Lat;Kobiety;19.01.2008;sty;2008;195000
Od 20 Do 24 Lat;Kobiety;20.01.2008;sty;2008;281000
Od 25 Do 34 Lat;Kobiety;21.01.2008;sty;2008;645000
Od 35 Do 44 Lat;Kobiety;22.01.2008;sty;2008;541000
Od 45 Do 54 Lat;Kobiety;23.01.2008;sty;2008;624000
Od 55 Do 64 Lat;Kobiety;24.01.2008;sty;2008;422000
Od 65 Lat Wzwyż;Kobiety;25.01.2008;sty;2008;227000
Od 16 Do 19 Lat;Mężczyźni;26.01.2008;sty;2008;134000
Od 20 Do 24 Lat;Mężczyźni;27.01.2008;sty;2008;443000
Od 25 Do 34 Lat;Mężczyźni;28.01.2008;sty;2008;727000
Od 35 Do 44 Lat;Mężczyźni;29.01.2008;sty;2008;649000
Od 45 Do 54 Lat;Mężczyźni;30.01.2008;sty;2008;717000
Od 55 Do 64 Lat;Mężczyźni;31.01.2008;sty;2008;495000
Od 65 Lat Wzwyż;Mężczyźni;01.02.2008;lut;2008;168000
Od 16 Do 19 Lat;Kobiety;02.02.2008;lut;2008;157000
Od 20 Do 24 Lat;Kobiety;03.02.2008;lut;2008;322000
Od 25 Do 34 Lat;Kobiety;04.02.2008;lut;2008;713000
Od 35 Do 44 Lat;Kobiety;05.02.2008;lut;2008;503000
Od 45 Do 54 Lat;Kobiety;06.02.2008;lut;2008;626000
Od 55 Do 64 Lat;Kobiety;07.02.2008;lut;2008;445000
Od 65 Lat Wzwyż;Kobiety;08.02.2008;lut;2008;224000
Od 16 Do 19 Lat;Mężczyźni;09.02.2008;lut;2008;146000
Od 20 Do 24 Lat;Mężczyźni;10.02.2008;lut;2008;392000
Od 25 Do 34 Lat;Mężczyźni;11.02.2008;lut;2008;682000
Od 35 Do 44 Lat;Mężczyźni;12.02.2008;lut;2008;597000
Od 45 Do 54 Lat;Mężczyźni;13.02.2008;lut;2008;668000
Od 55 Do 64 Lat;Mężczyźni;14.02.2008;lut;2008;492000
Od 65 Lat Wzwyż;Mężczyźni;15.02.2008;lut;2008;157000
Od 16 Do 19 Lat;Kobiety;16.02.2008;lut;2008;113000
Od 20 Do 24 Lat;Kobiety;17.02.2008;lut;2008;329000
Od 25 Do 34 Lat;Kobiety;18.02.2008;lut;2008;670000
Od 35 Do 44 Lat;Kobiety;19.02.2008;lut;2008;436000
Od 45 Do 54 Lat;Kobiety;20.02.2008;lut;2008;550000
Od 55 Do 64 Lat;Kobiety;21.02.2008;lut;2008;416000
Od 65 Lat Wzwyż;Kobiety;22.02.2008;lut;2008;263000
Od 16 Do 19 Lat;Mężczyźni;23.02.2008;lut;2008;189000
Od 20 Do 24 Lat;Mężczyźni;24.02.2008;lut;2008;462000
Od 25 Do 34 Lat;Mężczyźni;25.02.2008;lut;2008;649000
Od 35 Do 44 Lat;Mężczyźni;26.02.2008;lut;2008;560000
Od 45 Do 54 Lat;Mężczyźni;27.02.2008;lut;2008;631000
Od 55 Do 64 Lat;Mężczyźni;28.02.2008;lut;2008;471000
Od 65 Lat Wzwyż;Mężczyźni;29.02.2008;lut;2008;172000
Od 16 Do 19 Lat;Kobiety;01.03.2008;mar;2008;111000
Od 20 Do 24 Lat;Kobiety;02.03.2008;mar;2008;307000
Od 25 Do 34 Lat;Kobiety;03.03.2008;mar;2008;596000
Od 35 Do 44 Lat;Kobiety;04.03.2008;mar;2008;460000
Od 45 Do 54 Lat;Kobiety;05.03.2008;mar;2008;521000
Od 55 Do 64 Lat;Kobiety;06.03.2008;mar;2008;387000
Od 65 Lat Wzwyż;Kobiety;07.03.2008;mar;2008;230000
Od 16 Do 19 Lat;Mężczyźni;08.03.2008;mar;2008;150000
Od 20 Do 24 Lat;Mężczyźni;09.03.2008;mar;2008;474000
Od 25 Do 34 Lat;Mężczyźni;10.03.2008;mar;2008;699000
Od 35 Do 44 Lat;Mężczyźni;11.03.2008;mar;2008;581000
Od 45 Do 54 Lat;Mężczyźni;12.03.2008;mar;2008;575000
Od 55 Do 64 Lat;Mężczyźni;13.03.2008;mar;2008;404000
Od 65 Lat Wzwyż;Mężczyźni;14.03.2008;mar;2008;150000
Od 16 Do 19 Lat;Kobiety;15.03.2008;mar;2008;96000
Od 20 Do 24 Lat;Kobiety;16.03.2008;mar;2008;250000
Od 25 Do 34 Lat;Kobiety;17.03.2008;mar;2008;580000
Od 35 Do 44 Lat;Kobiety;18.03.2008;mar;2008;467000
Od 45 Do 54 Lat;Kobiety;19.03.2008;mar;2008;531000
Od 55 Do 64 Lat;Kobiety;20.03.2008;mar;2008;349000
Od 65 Lat Wzwyż;Kobiety;21.03.2008;mar;2008;208000
Od 16 Do 19 Lat;Mężczyźni;22.03.2008;mar;2008;200000
Od 20 Do 24 Lat;Mężczyźni;23.03.2008;mar;2008;480000
Od 25 Do 34 Lat;Mężczyźni;24.03.2008;mar;2008;690000
Od 35 Do 44 Lat;Mężczyźni;25.03.2008;mar;2008;551000
Od 45 Do 54 Lat;Mężczyźni;26.03.2008;mar;2008;563000
Od 55 Do 64 Lat;Mężczyźni;27.03.2008;mar;2008;480000
Od 65 Lat Wzwyż;Mężczyźni;28.03.2008;mar;2008;130000
Od 16 Do 19 Lat;Kobiety;29.03.2008;mar;2008;139000
Od 20 Do 24 Lat;Kobiety;30.03.2008;mar;2008;239000
Od 25 Do 34 Lat;Kobiety;31.03.2008;mar;2008;559000
Od 35 Do 44 Lat;Kobiety;01.04.2008;kwi;2008;551000
Od 45 Do 54 Lat;Kobiety;02.04.2008;kwi;2008;536000
Od 55 Do 64 Lat;Kobiety;03.04.2008;kwi;2008;377000
Od 65 Lat Wzwyż;Kobiety;04.04.2008;kwi;2008;201000
Od 16 Do 19 Lat;Mężczyźni;05.04.2008;kwi;2008;184000
Od 20 Do 24 Lat;Mężczyźni;06.04.2008;kwi;2008;489000
Od 25 Do 34 Lat;Mężczyźni;07.04.2008;kwi;2008;626000
Od 35 Do 44 Lat;Mężczyźni;08.04.2008;kwi;2008;478000
Od 45 Do 54 Lat;Mężczyźni;09.04.2008;kwi;2008;599000
Od 55 Do 64 Lat;Mężczyźni;10.04.2008;kwi;2008;428000
Od 65 Lat Wzwyż;Mężczyźni;11.04.2008;kwi;2008;118000
Od 16 Do 19 Lat;Kobiety;12.04.2008;kwi;2008;136000
Od 20 Do 24 Lat;Kobiety;13.04.2008;kwi;2008;264000
Od 25 Do 34 Lat;Kobiety;14.04.2008;kwi;2008;522000
Od 35 Do 44 Lat;Kobiety;15.04.2008;kwi;2008;502000
Od 45 Do 54 Lat;Kobiety;16.04.2008;kwi;2008;573000
Od 55 Do 64 Lat;Kobiety;17.04.2008;kwi;2008;362000
Od 65 Lat Wzwyż;Kobiety;18.04.2008;kwi;2008;230000
Od 16 Do 19 Lat;Mężczyźni;19.04.2008;kwi;2008;186000
Od 20 Do 24 Lat;Mężczyźni;20.04.2008;kwi;2008;439000
Od 25 Do 34 Lat;Mężczyźni;21.04.2008;kwi;2008;716000
Od 35 Do 44 Lat;Mężczyźni;22.04.2008;kwi;2008;512000
Od 45 Do 54 Lat;Mężczyźni;23.04.2008;kwi;2008;579000
Od 55 Do 64 Lat;Mężczyźni;24.04.2008;kwi;2008;495000
Od 65 Lat Wzwyż;Mężczyźni;25.04.2008;kwi;2008;118000
Od 16 Do 19 Lat;Kobiety;26.04.2008;kwi;2008;151000
Od 20 Do 24 Lat;Kobiety;27.04.2008;kwi;2008;255000
Od 25 Do 34 Lat;Kobiety;28.04.2008;kwi;2008;481000
Od 35 Do 44 Lat;Kobiety;29.04.2008;kwi;2008;414000
Od 45 Do 54 Lat;Kobiety;30.04.2008;kwi;2008;547000
Od 55 Do 64 Lat;Kobiety;01.05.2008;maj;2008;389000
Od 65 Lat Wzwyż;Kobiety;02.05.2008;maj;2008;191000
Od 16 Do 19 Lat;Mężczyźni;03.05.2008;maj;2008;180000
Od 20 Do 24 Lat;Mężczyźni;04.05.2008;maj;2008;439000
Od 25 Do 34 Lat;Mężczyźni;05.05.2008;maj;2008;645000
Od 35 Do 44 Lat;Mężczyźni;06.05.2008;maj;2008;548000
Od 45 Do 54 Lat;Mężczyźni;07.05.2008;maj;2008;543000
Od 55 Do 64 Lat;Mężczyźni;08.05.2008;maj;2008;456000
Od 65 Lat Wzwyż;Mężczyźni;09.05.2008;maj;2008;133000
Od 16 Do 19 Lat;Kobiety;10.05.2008;maj;2008;146000
Od 20 Do 24 Lat;Kobiety;11.05.2008;maj;2008;215000
Od 25 Do 34 Lat;Kobiety;12.05.2008;maj;2008;523000
Od 35 Do 44 Lat;Kobiety;13.05.2008;maj;2008;391000
Od 45 Do 54 Lat;Kobiety;14.05.2008;maj;2008;554000
Od 55 Do 64 Lat;Kobiety;15.05.2008;maj;2008;370000
Od 65 Lat Wzwyż;Kobiety;16.05.2008;maj;2008;212000
Od 16 Do 19 Lat;Mężczyźni;17.05.2008;maj;2008;168000
Od 20 Do 24 Lat;Mężczyźni;18.05.2008;maj;2008;475000
Od 25 Do 34 Lat;Mężczyźni;19.05.2008;maj;2008;606000
Od 35 Do 44 Lat;Mężczyźni;20.05.2008;maj;2008;532000
Od 45 Do 54 Lat;Mężczyźni;21.05.2008;maj;2008;590000
Od 55 Do 64 Lat;Mężczyźni;22.05.2008;maj;2008;467000
Od 65 Lat Wzwyż;Mężczyźni;23.05.2008;maj;2008;171000
Od 16 Do 19 Lat;Kobiety;24.05.2008;maj;2008;127000
Od 20 Do 24 Lat;Kobiety;25.05.2008;maj;2008;246000
Od 25 Do 34 Lat;Kobiety;26.05.2008;maj;2008;548000
Od 35 Do 44 Lat;Kobiety;27.05.2008;maj;2008;516000
Od 45 Do 54 Lat;Kobiety;28.05.2008;maj;2008;507000
Od 55 Do 64 Lat;Kobiety;29.05.2008;maj;2008;336000
Od 65 Lat Wzwyż;Kobiety;30.05.2008;maj;2008;228000
Od 16 Do 19 Lat;Mężczyźni;31.05.2008;maj;2008;159000
Od 20 Do 24 Lat;Mężczyźni;01.06.2008;cze;2008;446000
Od 25 Do 34 Lat;Mężczyźni;02.06.2008;cze;2008;581000
Od 35 Do 44 Lat;Mężczyźni;03.06.2008;cze;2008;531000
Od 45 Do 54 Lat;Mężczyźni;04.06.2008;cze;2008;586000
Od 55 Do 64 Lat;Mężczyźni;05.06.2008;cze;2008;410000
Od 65 Lat Wzwyż;Mężczyźni;06.06.2008;cze;2008;184000
Od 16 Do 19 Lat;Kobiety;07.06.2008;cze;2008;118000
Od 20 Do 24 Lat;Kobiety;08.06.2008;cze;2008;239000
Od 25 Do 34 Lat;Kobiety;09.06.2008;cze;2008;553000
Od 35 Do 44 Lat;Kobiety;10.06.2008;cze;2008;490000
Od 45 Do 54 Lat;Kobiety;11.06.2008;cze;2008;489000
Od 55 Do 64 Lat;Kobiety;12.06.2008;cze;2008;308000
Od 65 Lat Wzwyż;Kobiety;13.06.2008;cze;2008;235000
Od 16 Do 19 Lat;Mężczyźni;14.06.2008;cze;2008;149000
Od 20 Do 24 Lat;Mężczyźni;15.06.2008;cze;2008;435000
Od 25 Do 34 Lat;Mężczyźni;16.06.2008;cze;2008;536000
Od 35 Do 44 Lat;Mężczyźni;17.06.2008;cze;2008;534000
Od 45 Do 54 Lat;Mężczyźni;18.06.2008;cze;2008;574000
Od 55 Do 64 Lat;Mężczyźni;19.06.2008;cze;2008;389000
Od 65 Lat Wzwyż;Mężczyźni;20.06.2008;cze;2008;168000
Od 16 Do 19 Lat;Kobiety;21.06.2008;cze;2008;121000
Od 20 Do 24 Lat;Kobiety;22.06.2008;cze;2008;280000
Od 25 Do 34 Lat;Kobiety;23.06.2008;cze;2008;526000
Od 35 Do 44 Lat;Kobiety;24.06.2008;cze;2008;490000
Od 45 Do 54 Lat;Kobiety;25.06.2008;cze;2008;559000
Od 55 Do 64 Lat;Kobiety;26.06.2008;cze;2008;359000
Od 65 Lat Wzwyż;Kobiety;27.06.2008;cze;2008;244000
Od 16 Do 19 Lat;Mężczyźni;28.06.2008;cze;2008;121000
Od 20 Do 24 Lat;Mężczyźni;29.06.2008;cze;2008;460000
Od 25 Do 34 Lat;Mężczyźni;30.06.2008;cze;2008;504000
Od 35 Do 44 Lat;Mężczyźni;01.07.2008;lip;2008;471000
Od 45 Do 54 Lat;Mężczyźni;02.07.2008;lip;2008;583000
Od 55 Do 64 Lat;Mężczyźni;03.07.2008;lip;2008;386000
Od 65 Lat Wzwyż;Mężczyźni;04.07.2008;lip;2008;152000
Od 16 Do 19 Lat;Kobiety;05.07.2008;lip;2008;114000
Od 20 Do 24 Lat;Kobiety;06.07.2008;lip;2008;296000
Od 25 Do 34 Lat;Kobiety;07.07.2008;lip;2008;481000
Od 35 Do 44 Lat;Kobiety;08.07.2008;lip;2008;474000
Od 45 Do 54 Lat;Kobiety;09.07.2008;lip;2008;545000
Od 55 Do 64 Lat;Kobiety;10.07.2008;lip;2008;330000
Od 65 Lat Wzwyż;Kobiety;11.07.2008;lip;2008;243000
Od 16 Do 19 Lat;Mężczyźni;12.07.2008;lip;2008;147000
Od 20 Do 24 Lat;Mężczyźni;13.07.2008;lip;2008;368000
Od 25 Do 34 Lat;Mężczyźni;14.07.2008;lip;2008;560000
Od 35 Do 44 Lat;Mężczyźni;15.07.2008;lip;2008;458000
Od 45 Do 54 Lat;Mężczyźni;16.07.2008;lip;2008;508000
Od 55 Do 64 Lat;Mężczyźni;17.07.2008;lip;2008;412000
Od 65 Lat Wzwyż;Mężczyźni;18.07.2008;lip;2008;162000
Od 16 Do 19 Lat;Kobiety;19.07.2008;lip;2008;82000
Od 20 Do 24 Lat;Kobiety;20.07.2008;lip;2008;242000
Od 25 Do 34 Lat;Kobiety;21.07.2008;lip;2008;516000
Od 35 Do 44 Lat;Kobiety;22.07.2008;lip;2008;419000
Od 45 Do 54 Lat;Kobiety;23.07.2008;lip;2008;522000
Od 55 Do 64 Lat;Kobiety;24.07.2008;lip;2008;341000
Od 65 Lat Wzwyż;Kobiety;25.07.2008;lip;2008;196000
Od 16 Do 19 Lat;Mężczyźni;26.07.2008;lip;2008;160000
Od 20 Do 24 Lat;Mężczyźni;27.07.2008;lip;2008;348000
Od 25 Do 34 Lat;Mężczyźni;28.07.2008;lip;2008;617000
Od 35 Do 44 Lat;Mężczyźni;29.07.2008;lip;2008;493000
Od 45 Do 54 Lat;Mężczyźni;30.07.2008;lip;2008;562000
Od 55 Do 64 Lat;Mężczyźni;31.07.2008;lip;2008;392000
Od 65 Lat Wzwyż;Mężczyźni;01.08.2008;sie;2008;120000
Od 16 Do 19 Lat;Kobiety;02.08.2008;sie;2008;105000
Od 20 Do 24 Lat;Kobiety;03.08.2008;sie;2008;252000
Od 25 Do 34 Lat;Kobiety;04.08.2008;sie;2008;521000
Od 35 Do 44 Lat;Kobiety;05.08.2008;sie;2008;417000
Od 45 Do 54 Lat;Kobiety;06.08.2008;sie;2008;469000
Od 55 Do 64 Lat;Kobiety;07.08.2008;sie;2008;343000
Od 65 Lat Wzwyż;Kobiety;08.08.2008;sie;2008;206000
Od 16 Do 19 Lat;Mężczyźni;09.08.2008;sie;2008;192000
Od 20 Do 24 Lat;Mężczyźni;10.08.2008;sie;2008;323000
Od 25 Do 34 Lat;Mężczyźni;11.08.2008;sie;2008;538000
Od 35 Do 44 Lat;Mężczyźni;12.08.2008;sie;2008;490000
Od 45 Do 54 Lat;Mężczyźni;13.08.2008;sie;2008;509000
Od 55 Do 64 Lat;Mężczyźni;14.08.2008;sie;2008;459000
Od 65 Lat Wzwyż;Mężczyźni;15.08.2008;sie;2008;115000
Od 16 Do 19 Lat;Kobiety;16.08.2008;sie;2008;96000
Od 20 Do 24 Lat;Kobiety;17.08.2008;sie;2008;269000
Od 25 Do 34 Lat;Kobiety;18.08.2008;sie;2008;482000
Od 35 Do 44 Lat;Kobiety;19.08.2008;sie;2008;369000
Od 45 Do 54 Lat;Kobiety;20.08.2008;sie;2008;450000
Od 55 Do 64 Lat;Kobiety;21.08.2008;sie;2008;312000
Od 65 Lat Wzwyż;Kobiety;22.08.2008;sie;2008;195000
Od 16 Do 19 Lat;Mężczyźni;23.08.2008;sie;2008;155000
Od 20 Do 24 Lat;Mężczyźni;24.08.2008;sie;2008;368000
Od 25 Do 34 Lat;Mężczyźni;25.08.2008;sie;2008;526000
Od 35 Do 44 Lat;Mężczyźni;26.08.2008;sie;2008;476000
Od 45 Do 54 Lat;Mężczyźni;27.08.2008;sie;2008;475000
Od 55 Do 64 Lat;Mężczyźni;28.08.2008;sie;2008;404000
Od 65 Lat Wzwyż;Mężczyźni;29.08.2008;sie;2008;97000
Od 16 Do 19 Lat;Kobiety;30.08.2008;sie;2008;69000
Od 20 Do 24 Lat;Kobiety;31.08.2008;sie;2008;262000
Od 25 Do 34 Lat;Kobiety;01.09.2008;wrz;2008;444000
Od 35 Do 44 Lat;Kobiety;02.09.2008;wrz;2008;451000
Od 45 Do 54 Lat;Kobiety;03.09.2008;wrz;2008;470000
Od 55 Do 64 Lat;Kobiety;04.09.2008;wrz;2008;328000
Od 65 Lat Wzwyż;Kobiety;05.09.2008;wrz;2008;191000
Od 16 Do 19 Lat;Mężczyźni;06.09.2008;wrz;2008;166000
Od 20 Do 24 Lat;Mężczyźni;07.09.2008;wrz;2008;436000
Od 25 Do 34 Lat;Mężczyźni;08.09.2008;wrz;2008;528000
Od 35 Do 44 Lat;Mężczyźni;09.09.2008;wrz;2008;479000
Od 45 Do 54 Lat;Mężczyźni;10.09.2008;wrz;2008;477000
Od 55 Do 64 Lat;Mężczyźni;11.09.2008;wrz;2008;395000
Od 65 Lat Wzwyż;Mężczyźni;12.09.2008;wrz;2008;125000
Od 16 Do 19 Lat;Kobiety;13.09.2008;wrz;2008;107000
Od 20 Do 24 Lat;Kobiety;14.09.2008;wrz;2008;264000
Od 25 Do 34 Lat;Kobiety;15.09.2008;wrz;2008;436000
Od 35 Do 44 Lat;Kobiety;16.09.2008;wrz;2008;464000
Od 45 Do 54 Lat;Kobiety;17.09.2008;wrz;2008;470000
Od 55 Do 64 Lat;Kobiety;18.09.2008;wrz;2008;339000
Od 65 Lat Wzwyż;Kobiety;19.09.2008;wrz;2008;219000
Od 16 Do 19 Lat;Mężczyźni;20.09.2008;wrz;2008;202000
Od 20 Do 24 Lat;Mężczyźni;21.09.2008;wrz;2008;405000
Od 25 Do 34 Lat;Mężczyźni;22.09.2008;wrz;2008;561000
Od 35 Do 44 Lat;Mężczyźni;23.09.2008;wrz;2008;471000
Od 45 Do 54 Lat;Mężczyźni;24.09.2008;wrz;2008;486000
Od 55 Do 64 Lat;Mężczyźni;25.09.2008;wrz;2008;410000
Od 65 Lat Wzwyż;Mężczyźni;26.09.2008;wrz;2008;131000
Od 16 Do 19 Lat;Kobiety;27.09.2008;wrz;2008;95000
Od 20 Do 24 Lat;Kobiety;28.09.2008;wrz;2008;256000
Od 25 Do 34 Lat;Kobiety;29.09.2008;wrz;2008;431000
Od 35 Do 44 Lat;Kobiety;30.09.2008;wrz;2008;462000
Od 45 Do 54 Lat;Kobiety;01.10.2008;paź;2008;479000
Od 55 Do 64 Lat;Kobiety;02.10.2008;paź;2008;309000
Od 65 Lat Wzwyż;Kobiety;03.10.2008;paź;2008;198000
Od 16 Do 19 Lat;Mężczyźni;04.10.2008;paź;2008;151000
Od 20 Do 24 Lat;Mężczyźni;05.10.2008;paź;2008;381000
Od 25 Do 34 Lat;Mężczyźni;06.10.2008;paź;2008;511000
Od 35 Do 44 Lat;Mężczyźni;07.10.2008;paź;2008;500000
Od 45 Do 54 Lat;Mężczyźni;08.10.2008;paź;2008;493000
Od 55 Do 64 Lat;Mężczyźni;09.10.2008;paź;2008;421000
Od 65 Lat Wzwyż;Mężczyźni;10.10.2008;paź;2008;128000
Od 16 Do 19 Lat;Kobiety;11.10.2008;paź;2008;103000
Od 20 Do 24 Lat;Kobiety;12.10.2008;paź;2008;278000
Od 25 Do 34 Lat;Kobiety;13.10.2008;paź;2008;414000
Od 35 Do 44 Lat;Kobiety;14.10.2008;paź;2008;398000
Od 45 Do 54 Lat;Kobiety;15.10.2008;paź;2008;461000
Od 55 Do 64 Lat;Kobiety;16.10.2008;paź;2008;310000
Od 65 Lat Wzwyż;Kobiety;17.10.2008;paź;2008;187000
Od 16 Do 19 Lat;Mężczyźni;18.10.2008;paź;2008;160000
Od 20 Do 24 Lat;Mężczyźni;19.10.2008;paź;2008;363000
Od 25 Do 34 Lat;Mężczyźni;20.10.2008;paź;2008;544000
Od 35 Do 44 Lat;Mężczyźni;21.10.2008;paź;2008;421000
Od 45 Do 54 Lat;Mężczyźni;22.10.2008;paź;2008;504000
Od 55 Do 64 Lat;Mężczyźni;23.10.2008;paź;2008;378000
Od 65 Lat Wzwyż;Mężczyźni;24.10.2008;paź;2008;149000
Od 16 Do 19 Lat;Kobiety;25.10.2008;paź;2008;124000
Od 20 Do 24 Lat;Kobiety;26.10.2008;paź;2008;262000
Od 25 Do 34 Lat;Kobiety;27.10.2008;paź;2008;413000
Od 35 Do 44 Lat;Kobiety;28.10.2008;paź;2008;341000
Od 45 Do 54 Lat;Kobiety;29.10.2008;paź;2008;444000
Od 55 Do 64 Lat;Kobiety;30.10.2008;paź;2008;299000
Od 65 Lat Wzwyż;Kobiety;31.10.2008;paź;2008;180000
Od 16 Do 19 Lat;Mężczyźni;01.11.2008;lis;2008;161000
Od 20 Do 24 Lat;Mężczyźni;02.11.2008;lis;2008;380000
Od 25 Do 34 Lat;Mężczyźni;03.11.2008;lis;2008;478000
Od 35 Do 44 Lat;Mężczyźni;04.11.2008;lis;2008;426000
Od 45 Do 54 Lat;Mężczyźni;05.11.2008;lis;2008;527000
Od 55 Do 64 Lat;Mężczyźni;06.11.2008;lis;2008;376000
Od 65 Lat Wzwyż;Mężczyźni;07.11.2008;lis;2008;135000
Od 16 Do 19 Lat;Kobiety;08.11.2008;lis;2008;94000
Od 20 Do 24 Lat;Kobiety;09.11.2008;lis;2008;238000
Od 25 Do 34 Lat;Kobiety;10.11.2008;lis;2008;386000
Od 35 Do 44 Lat;Kobiety;11.11.2008;lis;2008;381000
Od 45 Do 54 Lat;Kobiety;12.11.2008;lis;2008;426000
Od 55 Do 64 Lat;Kobiety;13.11.2008;lis;2008;297000
Od 65 Lat Wzwyż;Kobiety;14.11.2008;lis;2008;143000
Od 16 Do 19 Lat;Mężczyźni;15.11.2008;lis;2008;146000
Od 20 Do 24 Lat;Mężczyźni;16.11.2008;lis;2008;418000
Od 25 Do 34 Lat;Mężczyźni;17.11.2008;lis;2008;488000
Od 35 Do 44 Lat;Mężczyźni;18.11.2008;lis;2008;366000
Od 45 Do 54 Lat;Mężczyźni;19.11.2008;lis;2008;449000
Od 55 Do 64 Lat;Mężczyźni;20.11.2008;lis;2008;325000
Od 65 Lat Wzwyż;Mężczyźni;21.11.2008;lis;2008;116000
Od 16 Do 19 Lat;Kobiety;22.11.2008;lis;2008;106000
Od 20 Do 24 Lat;Kobiety;23.11.2008;lis;2008;253000
Od 25 Do 34 Lat;Kobiety;24.11.2008;lis;2008;427000
Od 35 Do 44 Lat;Kobiety;25.11.2008;lis;2008;372000
Od 45 Do 54 Lat;Kobiety;26.11.2008;lis;2008;398000
Od 55 Do 64 Lat;Kobiety;27.11.2008;lis;2008;270000
Od 65 Lat Wzwyż;Kobiety;28.11.2008;lis;2008;226000
Od 16 Do 19 Lat;Mężczyźni;29.11.2008;lis;2008;131000
Od 20 Do 24 Lat;Mężczyźni;30.11.2008;lis;2008;377000
Od 25 Do 34 Lat;Mężczyźni;01.12.2008;gru;2008;492000
Od 35 Do 44 Lat;Mężczyźni;02.12.2008;gru;2008;421000
Od 45 Do 54 Lat;Mężczyźni;03.12.2008;gru;2008;451000
Od 55 Do 64 Lat;Mężczyźni;04.12.2008;gru;2008;353000
Od 65 Lat Wzwyż;Mężczyźni;05.12.2008;gru;2008;106000
Od 16 Do 19 Lat;Kobiety;06.12.2008;gru;2008;79000
Od 20 Do 24 Lat;Kobiety;07.12.2008;gru;2008;239000
Od 25 Do 34 Lat;Kobiety;08.12.2008;gru;2008;507000
Od 35 Do 44 Lat;Kobiety;09.12.2008;gru;2008;400000
Od 45 Do 54 Lat;Kobiety;10.12.2008;gru;2008;405000
Od 55 Do 64 Lat;Kobiety;11.12.2008;gru;2008;268000
Od 65 Lat Wzwyż;Kobiety;12.12.2008;gru;2008;170000
Od 16 Do 19 Lat;Mężczyźni;13.12.2008;gru;2008;123000
Od 20 Do 24 Lat;Mężczyźni;14.12.2008;gru;2008;393000
Od 25 Do 34 Lat;Mężczyźni;15.12.2008;gru;2008;594000
Od 35 Do 44 Lat;Mężczyźni;16.12.2008;gru;2008;462000
Od 45 Do 54 Lat;Mężczyźni;17.12.2008;gru;2008;417000
Od 55 Do 64 Lat;Mężczyźni;18.12.2008;gru;2008;364000
Od 65 Lat Wzwyż;Mężczyźni;19.12.2008;gru;2008;78000
Od 16 Do 19 Lat;Kobiety;20.12.2008;gru;2008;77000
Od 20 Do 24 Lat;Kobiety;21.12.2008;gru;2008;239000
Od 25 Do 34 Lat;Kobiety;22.12.2008;gru;2008;458000
Od 35 Do 44 Lat;Kobiety;23.12.2008;gru;2008;348000
Od 45 Do 54 Lat;Kobiety;24.12.2008;gru;2008;372000
Od 55 Do 64 Lat;Kobiety;25.12.2008;gru;2008;290000
Od 65 Lat Wzwyż;Kobiety;26.12.2008;gru;2008;167000
Od 16 Do 19 Lat;Mężczyźni;27.12.2008;gru;2008;141000
Od 20 Do 24 Lat;Mężczyźni;28.12.2008;gru;2008;403000
Od 25 Do 34 Lat;Mężczyźni;29.12.2008;gru;2008;479000
Od 35 Do 44 Lat;Mężczyźni;30.12.2008;gru;2008;454000
Od 45 Do 54 Lat;Mężczyźni;31.12.2008;gru;2008;404000
Od 55 Do 64 Lat;Mężczyźni;01.01.2009;sty;2009;385000
Od 65 Lat Wzwyż;Mężczyźni;02.01.2009;sty;2009;91000
Od 16 Do 19 Lat;Kobiety;03.01.2009;sty;2009;37000
Od 20 Do 24 Lat;Kobiety;04.01.2009;sty;2009;211000
Od 25 Do 34 Lat;Kobiety;05.01.2009;sty;2009;421000
Od 35 Do 44 Lat;Kobiety;06.01.2009;sty;2009;307000
Od 45 Do 54 Lat;Kobiety;07.01.2009;sty;2009;363000
Od 55 Do 64 Lat;Kobiety;08.01.2009;sty;2009;302000
Od 65 Lat Wzwyż;Kobiety;09.01.2009;sty;2009;195000
Od 16 Do 19 Lat;Mężczyźni;10.01.2009;sty;2009;132000
Od 20 Do 24 Lat;Mężczyźni;11.01.2009;sty;2009;319000
Od 25 Do 34 Lat;Mężczyźni;12.01.2009;sty;2009;437000
Od 35 Do 44 Lat;Mężczyźni;13.01.2009;sty;2009;410000
Od 45 Do 54 Lat;Mężczyźni;14.01.2009;sty;2009;424000
Od 55 Do 64 Lat;Mężczyźni;15.01.2009;sty;2009;363000
Od 65 Lat Wzwyż;Mężczyźni;16.01.2009;sty;2009;97000
Od 16 Do 19 Lat;Kobiety;17.01.2009;sty;2009;73000
Od 20 Do 24 Lat;Kobiety;18.01.2009;sty;2009;210000
Od 25 Do 34 Lat;Kobiety;19.01.2009;sty;2009;445000
Od 35 Do 44 Lat;Kobiety;20.01.2009;sty;2009;303000
Od 45 Do 54 Lat;Kobiety;21.01.2009;sty;2009;355000
Od 55 Do 64 Lat;Kobiety;22.01.2009;sty;2009;317000
Od 65 Lat Wzwyż;Kobiety;23.01.2009;sty;2009;186000
Od 16 Do 19 Lat;Mężczyźni;24.01.2009;sty;2009;144000
Od 20 Do 24 Lat;Mężczyźni;25.01.2009;sty;2009;289000
Od 25 Do 34 Lat;Mężczyźni;26.01.2009;sty;2009;549000
Od 35 Do 44 Lat;Mężczyźni;27.01.2009;sty;2009;411000
Od 45 Do 54 Lat;Mężczyźni;28.01.2009;sty;2009;399000
Od 55 Do 64 Lat;Mężczyźni;29.01.2009;sty;2009;339000
Od 65 Lat Wzwyż;Mężczyźni;30.01.2009;sty;2009;97000
Od 16 Do 19 Lat;Kobiety;31.01.2009;sty;2009;75000
Od 20 Do 24 Lat;Kobiety;01.02.2009;lut;2009;197000
Od 25 Do 34 Lat;Kobiety;02.02.2009;lut;2009;435000
Od 35 Do 44 Lat;Kobiety;03.02.2009;lut;2009;305000
Od 45 Do 54 Lat;Kobiety;04.02.2009;lut;2009;398000
Od 55 Do 64 Lat;Kobiety;05.02.2009;lut;2009;272000
Od 65 Lat Wzwyż;Kobiety;06.02.2009;lut;2009;179000
Od 16 Do 19 Lat;Mężczyźni;07.02.2009;lut;2009;106000
Od 20 Do 24 Lat;Mężczyźni;08.02.2009;lut;2009;307000
Od 25 Do 34 Lat;Mężczyźni;09.02.2009;lut;2009;514000
Od 35 Do 44 Lat;Mężczyźni;10.02.2009;lut;2009;409000
Od 45 Do 54 Lat;Mężczyźni;11.02.2009;lut;2009;359000
Od 55 Do 64 Lat;Mężczyźni;12.02.2009;lut;2009;359000
Od 65 Lat Wzwyż;Mężczyźni;13.02.2009;lut;2009;82000
Od 16 Do 19 Lat;Kobiety;14.02.2009;lut;2009;62000
Od 20 Do 24 Lat;Kobiety;15.02.2009;lut;2009;217000
Od 25 Do 34 Lat;Kobiety;16.02.2009;lut;2009;370000
Od 35 Do 44 Lat;Kobiety;17.02.2009;lut;2009;290000
Od 45 Do 54 Lat;Kobiety;18.02.2009;lut;2009;357000
Od 55 Do 64 Lat;Kobiety;19.02.2009;lut;2009;240000
Od 65 Lat Wzwyż;Kobiety;20.02.2009;lut;2009;169000
Od 16 Do 19 Lat;Mężczyźni;21.02.2009;lut;2009;97000
Od 20 Do 24 Lat;Mężczyźni;22.02.2009;lut;2009;339000
Od 25 Do 34 Lat;Mężczyźni;23.02.2009;lut;2009;493000
Od 35 Do 44 Lat;Mężczyźni;24.02.2009;lut;2009;363000
Od 45 Do 54 Lat;Mężczyźni;25.02.2009;lut;2009;427000
Od 55 Do 64 Lat;Mężczyźni;26.02.2009;lut;2009;318000
Od 65 Lat Wzwyż;Mężczyźni;27.02.2009;lut;2009;93000
Od 16 Do 19 Lat;Kobiety;28.02.2009;lut;2009;88000
Od 20 Do 24 Lat;Kobiety;01.03.2009;mar;2009;222000
Od 25 Do 34 Lat;Kobiety;02.03.2009;mar;2009;292000
Od 35 Do 44 Lat;Kobiety;03.03.2009;mar;2009;304000
Od 45 Do 54 Lat;Kobiety;04.03.2009;mar;2009;346000
Od 55 Do 64 Lat;Kobiety;05.03.2009;mar;2009;231000
Od 65 Lat Wzwyż;Kobiety;06.03.2009;mar;2009;179000
Od 16 Do 19 Lat;Mężczyźni;07.03.2009;mar;2009;129000
Od 20 Do 24 Lat;Mężczyźni;08.03.2009;mar;2009;366000
Od 25 Do 34 Lat;Mężczyźni;09.03.2009;mar;2009;488000
Od 35 Do 44 Lat;Mężczyźni;10.03.2009;mar;2009;380000
Od 45 Do 54 Lat;Mężczyźni;11.03.2009;mar;2009;458000
Od 55 Do 64 Lat;Mężczyźni;12.03.2009;mar;2009;304000
Od 65 Lat Wzwyż;Mężczyźni;13.03.2009;mar;2009;76000
Od 16 Do 19 Lat;Kobiety;14.03.2009;mar;2009;112000
Od 20 Do 24 Lat;Kobiety;15.03.2009;mar;2009;184000
Od 25 Do 34 Lat;Kobiety;16.03.2009;mar;2009;393000
Od 35 Do 44 Lat;Kobiety;17.03.2009;mar;2009;317000
Od 45 Do 54 Lat;Kobiety;18.03.2009;mar;2009;354000
Od 55 Do 64 Lat;Kobiety;19.03.2009;mar;2009;244000
Od 65 Lat Wzwyż;Kobiety;20.03.2009;mar;2009;173000
Od 16 Do 19 Lat;Mężczyźni;21.03.2009;mar;2009;136000
Od 20 Do 24 Lat;Mężczyźni;22.03.2009;mar;2009;378000
Od 25 Do 34 Lat;Mężczyźni;23.03.2009;mar;2009;418000
Od 35 Do 44 Lat;Mężczyźni;24.03.2009;mar;2009;351000
Od 45 Do 54 Lat;Mężczyźni;25.03.2009;mar;2009;401000
Od 55 Do 64 Lat;Mężczyźni;26.03.2009;mar;2009;347000
Od 65 Lat Wzwyż;Mężczyźni;27.03.2009;mar;2009;76000
Od 16 Do 19 Lat;Kobiety;28.03.2009;mar;2009;99000
Od 20 Do 24 Lat;Kobiety;29.03.2009;mar;2009;224000
Od 25 Do 34 Lat;Kobiety;30.03.2009;mar;2009;404000
Od 35 Do 44 Lat;Kobiety;31.03.2009;mar;2009;316000
Od 45 Do 54 Lat;Kobiety;01.04.2009;kwi;2009;332000
Od 55 Do 64 Lat;Kobiety;02.04.2009;kwi;2009;252000
Od 65 Lat Wzwyż;Kobiety;03.04.2009;kwi;2009;151000
Od 16 Do 19 Lat;Mężczyźni;04.04.2009;kwi;2009;119000
Od 20 Do 24 Lat;Mężczyźni;05.04.2009;kwi;2009;325000
Od 25 Do 34 Lat;Mężczyźni;06.04.2009;kwi;2009;456000
Od 35 Do 44 Lat;Mężczyźni;07.04.2009;kwi;2009;313000
Od 45 Do 54 Lat;Mężczyźni;08.04.2009;kwi;2009;337000
Od 55 Do 64 Lat;Mężczyźni;09.04.2009;kwi;2009;284000
Od 65 Lat Wzwyż;Mężczyźni;10.04.2009;kwi;2009;105000
Od 16 Do 19 Lat;Kobiety;11.04.2009;kwi;2009;88000
Od 20 Do 24 Lat;Kobiety;12.04.2009;kwi;2009;165000
Od 25 Do 34 Lat;Kobiety;13.04.2009;kwi;2009;357000
Od 35 Do 44 Lat;Kobiety;14.04.2009;kwi;2009;273000
Od 45 Do 54 Lat;Kobiety;15.04.2009;kwi;2009;333000
Od 55 Do 64 Lat;Kobiety;16.04.2009;kwi;2009;264000
Od 65 Lat Wzwyż;Kobiety;17.04.2009;kwi;2009;143000
Od 16 Do 19 Lat;Mężczyźni;18.04.2009;kwi;2009;84000
Od 20 Do 24 Lat;Mężczyźni;19.04.2009;kwi;2009;302000
Od 25 Do 34 Lat;Mężczyźni;20.04.2009;kwi;2009;496000
Od 35 Do 44 Lat;Mężczyźni;21.04.2009;kwi;2009;311000
Od 45 Do 54 Lat;Mężczyźni;22.04.2009;kwi;2009;329000
Od 55 Do 64 Lat;Mężczyźni;23.04.2009;kwi;2009;253000
Od 65 Lat Wzwyż;Mężczyźni;24.04.2009;kwi;2009;84000
Od 16 Do 19 Lat;Kobiety;25.04.2009;kwi;2009;75000
Od 20 Do 24 Lat;Kobiety;26.04.2009;kwi;2009;141000
Od 25 Do 34 Lat;Kobiety;27.04.2009;kwi;2009;372000
Od 35 Do 44 Lat;Kobiety;28.04.2009;kwi;2009;278000
Od 45 Do 54 Lat;Kobiety;29.04.2009;kwi;2009;304000
Od 55 Do 64 Lat;Kobiety;30.04.2009;kwi;2009;250000
Od 65 Lat Wzwyż;Kobiety;01.05.2009;maj;2009;183000
Od 16 Do 19 Lat;Mężczyźni;02.05.2009;maj;2009;66000
Od 20 Do 24 Lat;Mężczyźni;03.05.2009;maj;2009;285000
Od 25 Do 34 Lat;Mężczyźni;04.05.2009;maj;2009;386000
Od 35 Do 44 Lat;Mężczyźni;05.05.2009;maj;2009;268000
Od 45 Do 54 Lat;Mężczyźni;06.05.2009;maj;2009;278000
Od 55 Do 64 Lat;Mężczyźni;07.05.2009;maj;2009;289000
Od 65 Lat Wzwyż;Mężczyźni;08.05.2009;maj;2009;114000
Od 16 Do 19 Lat;Kobiety;09.05.2009;maj;2009;81000
Od 20 Do 24 Lat;Kobiety;10.05.2009;maj;2009;130000
Od 25 Do 34 Lat;Kobiety;11.05.2009;maj;2009;339000
Od 35 Do 44 Lat;Kobiety;12.05.2009;maj;2009;250000
Od 45 Do 54 Lat;Kobiety;13.05.2009;maj;2009;239000
Od 55 Do 64 Lat;Kobiety;14.05.2009;maj;2009;203000
Od 65 Lat Wzwyż;Kobiety;15.05.2009;maj;2009;172000
Od 16 Do 19 Lat;Mężczyźni;16.05.2009;maj;2009;98000
Od 20 Do 24 Lat;Mężczyźni;17.05.2009;maj;2009;277000
Od 25 Do 34 Lat;Mężczyźni;18.05.2009;maj;2009;413000
Od 35 Do 44 Lat;Mężczyźni;19.05.2009;maj;2009;312000
Od 45 Do 54 Lat;Mężczyźni;20.05.2009;maj;2009;254000
Od 55 Do 64 Lat;Mężczyźni;21.05.2009;maj;2009;251000
Od 65 Lat Wzwyż;Mężczyźni;22.05.2009;maj;2009;97000
Od 16 Do 19 Lat;Kobiety;23.05.2009;maj;2009;93000
Od 20 Do 24 Lat;Kobiety;24.05.2009;maj;2009;140000
Od 25 Do 34 Lat;Kobiety;25.05.2009;maj;2009;348000
Od 35 Do 44 Lat;Kobiety;26.05.2009;maj;2009;280000
Od 45 Do 54 Lat;Kobiety;27.05.2009;maj;2009;293000
Od 55 Do 64 Lat;Kobiety;28.05.2009;maj;2009;267000
Od 65 Lat Wzwyż;Kobiety;29.05.2009;maj;2009;213000
Od 16 Do 19 Lat;Mężczyźni;30.05.2009;maj;2009;105000
Od 20 Do 24 Lat;Mężczyźni;31.05.2009;maj;2009;254000
Od 25 Do 34 Lat;Mężczyźni;01.06.2009;cze;2009;342000
Od 35 Do 44 Lat;Mężczyźni;02.06.2009;cze;2009;288000
Od 45 Do 54 Lat;Mężczyźni;03.06.2009;cze;2009;265000
Od 55 Do 64 Lat;Mężczyźni;04.06.2009;cze;2009;215000
Od 65 Lat Wzwyż;Mężczyźni;05.06.2009;cze;2009;95000
Od 16 Do 19 Lat;Kobiety;06.06.2009;cze;2009;68000
Od 20 Do 24 Lat;Kobiety;07.06.2009;cze;2009;136000
Od 25 Do 34 Lat;Kobiety;08.06.2009;cze;2009;354000
Od 35 Do 44 Lat;Kobiety;09.06.2009;cze;2009;250000
Od 45 Do 54 Lat;Kobiety;10.06.2009;cze;2009;258000
Od 55 Do 64 Lat;Kobiety;11.06.2009;cze;2009;224000
Od 65 Lat Wzwyż;Kobiety;12.06.2009;cze;2009;257000
Od 16 Do 19 Lat;Mężczyźni;13.06.2009;cze;2009;89000
Od 20 Do 24 Lat;Mężczyźni;14.06.2009;cze;2009;266000
Od 25 Do 34 Lat;Mężczyźni;15.06.2009;cze;2009;350000
Od 35 Do 44 Lat;Mężczyźni;16.06.2009;cze;2009;228000
Od 45 Do 54 Lat;Mężczyźni;17.06.2009;cze;2009;275000
Od 55 Do 64 Lat;Mężczyźni;18.06.2009;cze;2009;218000
Od 65 Lat Wzwyż;Mężczyźni;19.06.2009;cze;2009;79000
Od 16 Do 19 Lat;Kobiety;20.06.2009;cze;2009;83000
Od 20 Do 24 Lat;Kobiety;21.06.2009;cze;2009;116000
Od 25 Do 34 Lat;Kobiety;22.06.2009;cze;2009;350000
Od 35 Do 44 Lat;Kobiety;23.06.2009;cze;2009;294000
Od 45 Do 54 Lat;Kobiety;24.06.2009;cze;2009;297000
Od 55 Do 64 Lat;Kobiety;25.06.2009;cze;2009;191000
Od 65 Lat Wzwyż;Kobiety;26.06.2009;cze;2009;193000
Od 16 Do 19 Lat;Mężczyźni;27.06.2009;cze;2009;84000
Od 20 Do 24 Lat;Mężczyźni;28.06.2009;cze;2009;241000
Od 25 Do 34 Lat;Mężczyźni;29.06.2009;cze;2009;313000
Od 35 Do 44 Lat;Mężczyźni;30.06.2009;cze;2009;240000
Od 45 Do 54 Lat;Mężczyźni;01.07.2009;lip;2009;276000
Od 55 Do 64 Lat;Mężczyźni;02.07.2009;lip;2009;252000
Od 65 Lat Wzwyż;Mężczyźni;03.07.2009;lip;2009;84000
Od 16 Do 19 Lat;Kobiety;04.07.2009;lip;2009;37000
Od 20 Do 24 Lat;Kobiety;05.07.2009;lip;2009;197000
Od 25 Do 34 Lat;Kobiety;06.07.2009;lip;2009;334000
Od 35 Do 44 Lat;Kobiety;07.07.2009;lip;2009;234000
Od 45 Do 54 Lat;Kobiety;08.07.2009;lip;2009;278000
Od 55 Do 64 Lat;Kobiety;09.07.2009;lip;2009;203000
Od 65 Lat Wzwyż;Kobiety;10.07.2009;lip;2009;188000
Od 16 Do 19 Lat;Mężczyźni;11.07.2009;lip;2009;75000
Od 20 Do 24 Lat;Mężczyźni;12.07.2009;lip;2009;226000
Od 25 Do 34 Lat;Mężczyźni;13.07.2009;lip;2009;282000
Od 35 Do 44 Lat;Mężczyźni;14.07.2009;lip;2009;257000
Od 45 Do 54 Lat;Mężczyźni;15.07.2009;lip;2009;292000
Od 55 Do 64 Lat;Mężczyźni;16.07.2009;lip;2009;242000
Od 65 Lat Wzwyż;Mężczyźni;17.07.2009;lip;2009;122000
Od 16 Do 19 Lat;Kobiety;18.07.2009;lip;2009;62000
Od 20 Do 24 Lat;Kobiety;19.07.2009;lip;2009;174000
Od 25 Do 34 Lat;Kobiety;20.07.2009;lip;2009;297000
Od 35 Do 44 Lat;Kobiety;21.07.2009;lip;2009;225000
Od 45 Do 54 Lat;Kobiety;22.07.2009;lip;2009;237000
Od 55 Do 64 Lat;Kobiety;23.07.2009;lip;2009;234000
Od 65 Lat Wzwyż;Kobiety;24.07.2009;lip;2009;141000
Od 16 Do 19 Lat;Mężczyźni;25.07.2009;lip;2009;81000
Od 20 Do 24 Lat;Mężczyźni;26.07.2009;lip;2009;201000
Od 25 Do 34 Lat;Mężczyźni;27.07.2009;lip;2009;357000
Od 35 Do 44 Lat;Mężczyźni;28.07.2009;lip;2009;205000
Od 45 Do 54 Lat;Mężczyźni;29.07.2009;lip;2009;285000
Od 55 Do 64 Lat;Mężczyźni;30.07.2009;lip;2009;266000
Od 65 Lat Wzwyż;Mężczyźni;31.07.2009;lip;2009;110000
Od 16 Do 19 Lat;Kobiety;01.08.2009;sie;2009;60000
Od 20 Do 24 Lat;Kobiety;02.08.2009;sie;2009;182000
Od 25 Do 34 Lat;Kobiety;03.08.2009;sie;2009;284000
Od 35 Do 44 Lat;Kobiety;04.08.2009;sie;2009;226000
Od 45 Do 54 Lat;Kobiety;05.08.2009;sie;2009;214000
Od 55 Do 64 Lat;Kobiety;06.08.2009;sie;2009;173000
Od 65 Lat Wzwyż;Kobiety;07.08.2009;sie;2009;128000
Od 16 Do 19 Lat;Mężczyźni;08.08.2009;sie;2009;85000
Od 20 Do 24 Lat;Mężczyźni;09.08.2009;sie;2009;241000
Od 25 Do 34 Lat;Mężczyźni;10.08.2009;sie;2009;362000
Od 35 Do 44 Lat;Mężczyźni;11.08.2009;sie;2009;282000
Od 45 Do 54 Lat;Mężczyźni;12.08.2009;sie;2009;249000
Od 55 Do 64 Lat;Mężczyźni;13.08.2009;sie;2009;222000
Od 65 Lat Wzwyż;Mężczyźni;14.08.2009;sie;2009;97000
Od 16 Do 19 Lat;Kobiety;15.08.2009;sie;2009;75000
Od 20 Do 24 Lat;Kobiety;16.08.2009;sie;2009;143000
Od 25 Do 34 Lat;Kobiety;17.08.2009;sie;2009;302000
Od 35 Do 44 Lat;Kobiety;18.08.2009;sie;2009;240000
Od 45 Do 54 Lat;Kobiety;19.08.2009;sie;2009;297000
Od 55 Do 64 Lat;Kobiety;20.08.2009;sie;2009;212000
Od 65 Lat Wzwyż;Kobiety;21.08.2009;sie;2009;157000
Od 16 Do 19 Lat;Mężczyźni;22.08.2009;sie;2009;93000
Od 20 Do 24 Lat;Mężczyźni;23.08.2009;sie;2009;255000
Od 25 Do 34 Lat;Mężczyźni;24.08.2009;sie;2009;319000
Od 35 Do 44 Lat;Mężczyźni;25.08.2009;sie;2009;270000
Od 45 Do 54 Lat;Mężczyźni;26.08.2009;sie;2009;272000
Od 55 Do 64 Lat;Mężczyźni;27.08.2009;sie;2009;229000
Od 65 Lat Wzwyż;Mężczyźni;28.08.2009;sie;2009;100000
Od 16 Do 19 Lat;Kobiety;29.08.2009;sie;2009;80000
Od 20 Do 24 Lat;Kobiety;30.08.2009;sie;2009;141000
Od 25 Do 34 Lat;Kobiety;31.08.2009;sie;2009;294000
Od 35 Do 44 Lat;Kobiety;01.09.2009;wrz;2009;235000
Od 45 Do 54 Lat;Kobiety;02.09.2009;wrz;2009;253000
Od 55 Do 64 Lat;Kobiety;03.09.2009;wrz;2009;170000
Od 65 Lat Wzwyż;Kobiety;04.09.2009;wrz;2009;174000
